episode,step,detection_index,class_id,class_name,confidence,predicted_distance_m,gt_distance_m,signed_error_m,absolute_error_m,relative_error_pct,bottom_y_px,lowest_x_px,lowest_y_px,lowest_pixel_depth_m,lowest_point_height_m,contact_valid
0,0,0,59,bed,0.34497103095054626,2.0083682008368204,1.1780670881271362,0.8303011127096842,0.8303011127096842,70.47995153057688,479,462,479,0.7780311107635498,0.9189080141484739,False
0,1,0,58,potted plant,0.6088568568229675,2.5396825396825404,1.4943249225616455,1.045357617120895,1.045357617120895,69.95517516557854,429,567,429,1.4770513772964478,0.6276165302842858,False
0,1,1,60,dining table,0.5398198366165161,2.0083682008368204,1.186813235282898,0.8215549655539225,0.8215549655539225,69.22361001123232,479,394,479,0.7881183624267578,0.9113740980625153,False
0,2,0,58,potted plant,0.5041157603263855,2.8402366863905333,1.6713206768035889,1.1689160095869444,1.1689160095869444,69.93966064145772,409,483,409,1.6523420810699463,0.6273568384349347,False
0,2,1,59,bed,0.40661388635635376,2.0083682008368204,1.1926895380020142,0.8156786628348063,0.8156786628348063,68.38985644170451,479,330,479,0.7969344854354858,0.9047895561903716,False
0,2,2,0,person,0.31741055846214294,2.0083682008368204,0.4961682856082916,1.5121999152285288,1.5121999152285288,304.77560922190025,479,2,479,0.3911541700363159,1.2078567292541267,False
0,2,3,75,vase,0.3066377639770508,2.8402366863905333,1.6715954542160034,1.1686412321745299,1.1686412321745299,69.91172590395894,409,483,409,1.6523420810699463,0.6273568384349347,False
0,3,0,59,bed,0.5372229814529419,2.0083682008368204,1.1984317302703857,0.8099364705664347,0.8099364705664347,67.58302956345288,479,286,479,0.7925112843513489,0.9080931345000864,False
0,3,1,58,potted plant,0.5154717564582825,3.057324840764332,1.8003031015396118,1.25702173922472,1.25702173922472,69.82278362736365,397,414,397,1.7792820930480957,0.6270397230982782,False
0,4,0,59,bed,0.3729424476623535,2.0083682008368204,1.2037757635116577,0.8045924373251627,0.8045924373251627,66.83906269868764,479,242,479,0.7968929409980774,0.9048205846920611,False
0,5,0,59,bed,0.5506576299667358,2.0083682008368204,1.206667423248291,0.8017007775885294,0.8017007775885294,66.43924930287662,479,190,479,0.7886481285095215,0.9109784290194513,False
0,5,1,58,potted plant,0.382417768239975,3.2214765100671148,1.8977652788162231,1.3237112312508916,1.3237112312508916,69.75105119831197,389,294,389,1.87442147731781,0.6272224996238949,False
0,6,0,59,bed,0.7683202624320984,2.0083682008368204,1.2048650979995728,0.8035031028372477,0.8035031028372477,66.68822129309721,479,122,479,0.7554181814193726,0.9357970457524062,False
0,6,1,58,potted plant,0.3367658853530884,3.137254901960785,1.8470685482025146,1.2901863537582705,1.2901863537582705,69.85048578807877,393,234,393,1.8246203660964966,0.6276033874601127,False
0,7,0,59,bed,0.5532198548316956,2.0083682008368204,1.2018183469772339,0.8065498538595866,0.8065498538595866,67.11079556142482,479,42,479,1.9667989015579224,0.031047070398926957,True
0,8,0,58,potted plant,0.3513984680175781,2.6519337016574593,1.5611225366592407,1.0908111649982186,1.0908111649982186,69.87351340994184,421,100,421,1.5442817211151123,0.6265156514942647,False
0,8,1,59,bed,0.3225303590297699,2.0083682008368204,1.2009837627410889,0.8073844380957316,0.8073844380957316,67.22692372234758,479,6,479,1.1820220947265625,0.6171772480010989,False
0,9,0,58,potted plant,0.6205374002456665,2.341463414634147,1.3743393421173096,0.9671240725168375,0.9671240725168375,70.370107503936,445,2,445,1.3615354299545288,0.6277663651853801,False
0,10,0,0,person,0.3882323205471039,3.609022556390978,2.548266887664795,1.0607556687261832,1.0607556687261832,41.62655308440822,373,175,373,2.564800262451172,0.43400489091873196,False
0,10,1,59,bed,0.30901169776916504,2.0083682008368204,1.2046314477920532,0.8037367530447672,0.8037367530447672,66.72055212554191,479,2,479,1.1798856258392334,0.6187729232013227,False
0,13,0,75,vase,0.5718182325363159,2.711864406779662,1.0089465379714966,1.7029178688081652,1.7029178688081652,168.78177432789542,417,426,417,1.0664088726043701,0.9101425923407079,False
0,14,0,75,vase,0.616244375705719,2.77456647398844,1.1237627267837524,1.6508037472046877,1.6508037472046877,146.89967088776336,413,346,413,1.1807242631912231,0.8616709452122451,False
0,15,0,75,vase,0.44548502564430237,2.77456647398844,1.1584405899047852,1.616125884083655,1.616125884083655,139.50874116181376,413,286,413,1.1915925741195679,0.8557952646166087,False
0,16,0,75,vase,0.4063026010990143,2.711864406779662,1.157907485961914,1.5539569208177477,1.5539569208177477,134.20389276841246,417,205,417,1.201310634613037,0.835525055229664,False
0,28,0,0,person,0.4121914803981781,2.9629629629629637,2.030275583267212,0.9326873796957518,0.9326873796957518,45.93895466125977,402,77,402,2.0096044540405273,0.4826377451419832,False
0,29,0,62,tv,0.514793872833252,2.0600858369098716,2.1770715713500977,-0.11698573444022609,0.11698573444022609,5.373536450511734,473,76,473,2.2750537395477295,-0.15652350410819027,False
0,32,0,0,person,0.25872451066970825,2.98136645962733,2.0303738117218018,0.9509926479055282,0.9509926479055282,46.838303489497115,401,308,401,2.149266004562378,0.4186505414545538,False
0,33,0,0,person,0.26906901597976685,2.6519337016574593,1.7807645797729492,0.8711691218845101,0.8711691218845101,48.92107198109173,421,305,421,1.902823567390442,0.42371541969478144,False
0,35,0,0,person,0.36708855628967285,2.0083682008368204,1.303877592086792,0.7044906087500284,0.7044906087500284,54.030425327160195,479,285,479,1.44294273853302,0.422302142158151,False
0,36,0,0,person,0.28585734963417053,2.0083682008368204,1.1561280488967896,0.8522401519400309,0.8522401519400309,73.71503119859975,479,197,479,1.3101701736450195,0.5214666515588763,False
0,45,0,75,vase,0.42456763982772827,2.0083682008368204,1.1401667594909668,0.8682014413458536,0.8682014413458536,76.14688238529833,479,50,479,1.1692615747451782,0.6267077613621952,False
0,55,0,61,toilet,0.3797653615474701,4.24778761061947,4.588372230529785,-0.34058461991031486,0.34058461991031486,7.422776592625967,353,626,353,4.546347141265869,-0.10542883425950955,True
0,61,0,58,potted plant,0.26614004373550415,7.500000000000002,3.6930999755859375,3.8069000244140643,3.8069000244140643,103.08142345402041,304,574,304,3.683208703994751,0.7633582592010499,False
0,62,0,58,potted plant,0.3604266047477722,6.575342465753426,3.3658437728881836,3.2094986928652425,3.2094986928652425,95.35495137111538,313,604,313,3.3059539794921875,0.7458292484283449,False
0,63,0,62,tv,0.26854389905929565,2.253521126760564,2.2264461517333984,0.027074975027165493,0.027074975027165493,1.216062423341624,453,597,453,2.1995627880096436,0.03591601923108123,True
0,65,0,58,potted plant,0.2917064130306244,8.421052631578949,4.375833511352539,4.04521912022641,4.04521912022641,92.44453907424968,297,374,297,4.3182806968688965,0.7308062508702279,False
0,71,0,75,vase,0.3519033193588257,6.233766233766235,3.218003749847412,3.015762483918823,3.015762483918823,93.71531913416263,317,323,317,3.1311023235321045,0.7465785034000875,False
0,72,0,58,potted plant,0.4253891110420227,7.74193548387097,3.2502026557922363,4.491732828078733,4.491732828078733,138.19854648367686,302,314,302,3.202218770980835,0.8795701131224632,False
0,73,0,58,potted plant,0.42537742853164673,5.393258426966294,2.7473740577697754,2.6458843691965184,2.6458843691965184,96.30593845471327,329,329,329,2.7142159938812256,0.7451086767017843,False
0,73,1,57,couch,0.279793918132782,3.7209302325581404,3.5366971492767334,0.18423308328140697,0.18423308328140697,5.2091846009230185,369,525,369,2.929882049560547,0.3188912987709047,False
0,74,0,57,couch,0.5862723588943481,3.2214765100671148,3.070728302001953,0.15074820806516165,0.15074820806516165,4.9092004644918195,389,617,389,2.5379903316497803,0.31824825182557137,False
0,74,1,58,potted plant,0.5762890577316284,5.161290322580647,2.6887412071228027,2.472549115457844,2.472549115457844,91.95935662784356,333,386,333,2.5970380306243896,0.7452358223497868,False
0,74,2,56,chair,0.34412050247192383,3.2214765100671148,3.070728302001953,0.15074820806516165,0.15074820806516165,4.9092004644918195,389,617,389,2.5379903316497803,0.31824825182557137,False
0,74,3,75,vase,0.27387169003486633,5.161290322580647,2.6552374362945557,2.506052886286091,2.506052886286091,94.38149869502236,333,383,333,2.596435070037842,0.7454110577702523,False
0,75,0,58,potted plant,0.4508202373981476,4.948453608247424,2.541334867477417,2.4071187407700068,2.4071187407700068,94.7186760617409,337,451,337,2.4912221431732178,0.7448482878506185,False
0,75,1,57,couch,0.393710732460022,2.0083682008368204,1.0610976219177246,0.9472705789190958,0.9472705789190958,89.27270774644572,479,606,479,1.085387945175171,0.6893508784472944,False
0,76,0,58,potted plant,0.6916497349739075,4.571428571428573,2.3246712684631348,2.246757302965438,2.246757302965438,96.6483878148842,345,525,345,2.3029093742370605,0.7443578615784646,False
0,76,1,61,toilet,0.3897053301334381,3.2214765100671148,3.5239202976226807,-0.3024437875555659,0.3024437875555659,8.582594440617784,389,338,389,3.5016350746154785,-0.13044883161783183,True
0,76,2,75,vase,0.28057920932769775,4.571428571428573,2.329981803894043,2.24144676753453,2.24144676753453,96.20018335715986,345,513,345,2.301487684249878,0.7448243536055089,False
0,77,0,58,potted plant,0.4520522952079773,4.102564102564104,2.080554723739624,2.02200937882448,2.02200937882448,97.1860704144367,357,548,357,2.066663980484009,0.7443759821355345,False
0,77,1,75,vase,0.44465401768684387,4.102564102564104,2.0832154750823975,2.0193486274817065,2.0193486274817065,96.93421787786187,357,534,357,2.0658750534057617,0.7446644335985185,False
0,78,0,61,toilet,0.5621356964111328,2.711864406779662,2.9714505672454834,-0.2595861604658216,0.2595861604658216,8.736008040223142,417,343,417,2.948366403579712,-0.1308151669800277,True
0,78,1,75,vase,0.5334705710411072,3.609022556390978,1.8326425552368164,1.7763800011541617,1.7763800011541617,96.92997666555962,373,565,373,1.818666934967041,0.7441165551543237,False
0,80,0,61,toilet,0.6042853593826294,2.8402366863905333,3.0696887969970703,-0.22945211060653703,0.22945211060653703,7.474767827637742,409,335,409,3.045947551727295,-0.10864105075597741,True
0,82,0,75,vase,0.5167626142501831,3.404255319148937,1.7407536506652832,1.6635016684836539,1.6635016684836539,95.56215308512465,381,479,381,1.7156720161437988,0.7440320178866388,False
0,82,1,58,potted plant,0.42537349462509155,3.5555555555555562,1.7464617490768433,1.809093806478713,1.809093806478713,103.58622554630676,375,484,375,1.7525367736816406,0.760648548603058,False
0,83,0,57,couch,0.4403914511203766,2.758620689655173,3.0093424320220947,-0.2507217423669217,0.2507217423669217,8.331446089318986,414,556,414,3.0068612098693848,-0.13498078286647774,True
0,83,1,57,couch,0.3933367431163788,2.0083682008368204,2.0872459411621094,-0.07887774032528894,0.07887774032528894,3.7790343135784195,479,578,479,2.152878761291504,-0.10793132483959167,True
0,83,2,56,chair,0.3301634192466736,2.758620689655173,3.0093424320220947,-0.2507217423669217,0.2507217423669217,8.331446089318986,414,556,414,3.0068612098693848,-0.13498078286647774,True
0,83,3,58,potted plant,0.3148866891860962,3.750000000000001,1.8868484497070312,1.8631515502929696,1.8631515502929696,98.74410160404027,368,417,368,1.8860106468200684,0.7455957412719728,False
0,83,4,57,couch,0.30105873942375183,2.5396825396825404,2.752872943878174,-0.2131904041956334,0.2131904041956334,7.7442878237343,429,149,429,2.7228498458862305,-0.10818319022655443,True
0,84,0,75,vase,0.5461101531982422,3.2214765100671148,1.634712815284729,1.5867636947823858,1.5867636947823858,97.0668168711951,389,421,389,1.6224769353866577,0.7445341769605877,False
0,84,1,56,chair,0.4090329110622406,2.526315789473685,2.756559371948242,-0.23024358247455723,0.23024358247455723,8.352571136961542,430,577,430,2.756582021713257,-0.13672057539224602,True
0,84,2,57,couch,0.378958135843277,2.526315789473685,2.756559371948242,-0.23024358247455723,0.23024358247455723,8.352571136961542,430,577,430,2.756582021713257,-0.13672057539224602,True
0,84,3,58,potted plant,0.2776491045951843,3.2214765100671148,1.6346650123596191,1.5868114977074956,1.5868114977074956,97.07257974629019,389,423,389,1.622790813446045,0.7443880274891855,False
0,85,0,75,vase,0.6546140313148499,3.3103448275862077,1.6915925741195679,1.6187522534666399,1.6187522534666399,95.69397963981726,385,363,385,1.6676161289215088,0.7443614415824414,False
0,85,1,58,potted plant,0.3371151089668274,3.404255319148937,1.7136567831039429,1.6905985360449942,1.6905985360449942,98.65444193456385,381,371,381,1.7125022411346436,0.7454287000000478,False
0,85,2,56,chair,0.27269795536994934,2.77456647398844,3.0703349113464355,-0.2957684373579954,0.2957684373579954,9.63310016327476,413,496,413,3.033555746078491,-0.1400160752236841,True
0,86,0,56,chair,0.8639057874679565,2.98136645962733,3.311239242553711,-0.329872782926381,0.329872782926381,9.962215314649836,401,429,401,3.2581872940063477,-0.13927548229694353,True
0,86,1,57,couch,0.5718387365341187,2.211981566820277,2.4225521087646484,-0.2105705419443713,0.2105705419443713,8.692095463397452,457,639,457,2.4091591835021973,-0.1337110713124272,True
0,86,2,75,vase,0.4941244125366211,3.404255319148937,1.731805443763733,1.6724498753852042,1.6724498753852042,96.5726191361582,381,305,381,1.7137616872787476,0.744873756542802,False
0,87,0,56,chair,0.7247523069381714,2.77456647398844,3.086517810821533,-0.31195133683309306,0.31195133683309306,10.106902209971745,413,438,413,3.0337753295898438,-0.14013478755950892,True
0,87,1,57,couch,0.6296118497848511,2.211981566820277,2.439725875854492,-0.22774430903421505,0.22774430903421505,9.334831887801725,457,636,457,2.4206647872924805,-0.14151330888271296,True
0,87,2,75,vase,0.4572313725948334,2.9090909090909096,1.4813158512115479,1.4277750578793618,1.4277750578793618,96.38559235774086,405,293,405,1.4653633832931519,0.7444220054894687,False
0,88,0,56,chair,0.8686549067497253,2.9090909090909096,3.2205982208251953,-0.3115073117342857,0.3115073117342857,9.672343160348328,405,377,405,3.1803057193756104,-0.13984513655304864,True
0,88,1,57,couch,0.7286813855171204,2.0083682008368204,1.9854892492294312,0.022878951607389286,0.022878951607389286,1.1523080075235166,479,619,479,2.071512222290039,-0.04716069102287257,True
0,88,2,75,vase,0.2500346004962921,2.8402366863905333,1.4461766481399536,1.3940600382505797,1.3940600382505797,96.39624869089089,409,240,409,1.4307726621627808,0.7443731877952815,False
0,89,0,56,chair,0.8745028972625732,2.98136645962733,3.2968263626098633,-0.31545990298253335,0.31545990298253335,9.568593194966027,401,314,401,3.2562272548675537,-0.13828933760523765,True
0,89,1,57,couch,0.8544877767562866,2.0083682008368204,1.8523094654083252,0.15605873542849524,0.15605873542849524,8.425089778078389,479,570,479,2.066460371017456,-0.04338758960366218,True
0,89,2,75,vase,0.4627331495285034,2.711864406779662,1.3752518892288208,1.336612517550841,1.336612517550841,97.1903785786001,417,180,417,1.3618227243423462,0.74674180559814,False
0,90,0,57,couch,0.8860270977020264,2.0083682008368204,1.8127717971801758,0.19559640365664466,0.19559640365664466,10.789907696098378,479,562,479,2.04927134513855,-0.03054953590035403,True
0,90,1,56,chair,0.8843241930007935,2.77456647398844,3.059082508087158,-0.28451603409871806,0.28451603409871806,9.300698276249689,413,318,413,3.033501148223877,-0.13998655825853312,True
0,90,2,75,vase,0.5688874125480652,2.211981566820277,1.1236686706542969,1.0883128961659803,1.0883128961659803,96.85354095814299,457,152,457,1.111946702003479,0.7459611427038909,False
0,91,0,57,couch,0.88773113489151,2.0083682008368204,1.7751972675323486,0.2331709333044718,0.2331709333044718,13.134930836649838,479,552,479,2.0531835556030273,-0.03347146809101065,True
0,91,1,56,chair,0.8200980424880981,2.5396825396825404,2.802489757537842,-0.26280721785530137,0.26280721785530137,9.377633482813993,429,318,429,2.7772529125213623,-0.14031500145792908,True
0,91,2,75,vase,0.4995634853839874,2.0083682008368204,0.8639318346977234,1.144436366139097,1.144436366139097,132.46836384256147,479,70,479,0.9463297128677368,0.7932099957019092,False
0,91,3,58,potted plant,0.37208443880081177,2.0083682008368204,0.8686509132385254,1.139717287598295,1.139717287598295,131.20544400847672,479,116,479,0.8497976660728455,0.8653073681518437,False
0,91,4,56,chair,0.32270148396492004,2.5396825396825404,2.80220890045166,-0.2625263607691197,0.2625263607691197,9.368550671821994,429,318,429,2.7772529125213623,-0.14031500145792908,True
0,92,0,57,couch,0.9010855555534363,2.0083682008368204,1.742905616760254,0.26546258407656653,0.26546258407656653,15.231036122886184,479,541,479,2.187973976135254,-0.13414306342601745,True
0,92,1,56,chair,0.7581357359886169,2.2966507177033497,2.5373761653900146,-0.24072544768666493,0.24072544768666493,9.487180141840087,449,319,449,2.512186288833618,-0.14077166989445655,True
0,93,0,57,couch,0.8699019551277161,2.0083682008368204,1.7102155685424805,0.29815263229433997,0.29815263229433997,17.433628706142496,479,532,479,2.0558252334594727,-0.03544447124004324,True
0,93,1,56,chair,0.8669794797897339,2.105263157894737,2.310425281524658,-0.20516212362992103,0.20516212362992103,8.879842393974057,468,320,468,2.2997524738311768,-0.1385736376047133,True
0,93,2,57,couch,0.47202789783477783,2.0083682008368204,1.0176869630813599,0.9906812377554606,0.9906812377554606,97.34636226014617,479,2,479,0.5090318918228149,1.1198168057948352,False
0,94,0,57,couch,0.8413187861442566,2.0083682008368204,1.6997437477111816,0.3086244531256388,0.3086244531256388,18.157116538373636,479,512,479,2.1532657146453857,-0.10822033062577208,True
0,94,1,56,chair,0.7610478401184082,2.0083682008368204,2.190974235534668,-0.18260603469784753,0.18260603469784753,8.33446745909752,479,321,479,2.094921112060547,-0.06464420557022055,True
0,94,2,56,chair,0.2802451550960541,2.0083682008368204,1.0330519676208496,0.9753162332159708,0.9753162332159708,94.41114907918467,479,22,479,1.0171316862106323,0.7403297718614341,False
0,95,0,56,chair,0.6819648742675781,2.0083682008368204,1.84006929397583,0.16829890686099036,0.16829890686099036,9.14633527182814,479,324,479,1.8097800016403198,0.14832056127488635,True
0,95,1,56,chair,0.49377214908599854,2.0083682008368204,0.9929972290992737,1.0153709717375468,1.0153709717375468,102.25315257511522,479,6,479,0.988556444644928,0.7616719054058195,False
0,95,2,56,chair,0.4772367477416992,2.0083682008368204,1.6292598247528076,0.3791083760840128,0.3791083760840128,23.268748810002197,479,522,479,2.2135212421417236,-0.15322367772459944,False
0,95,3,57,couch,0.44374871253967285,2.0083682008368204,1.6292598247528076,0.3791083760840128,0.3791083760840128,23.268748810002197,479,522,479,2.2135212421417236,-0.15322367772459944,False
0,96,0,56,chair,0.48002710938453674,2.0083682008368204,1.6101908683776855,0.3981773324591349,0.3981773324591349,24.728579715540818,479,314,479,2.2062151432037354,-0.14776693508028949,True
0,96,1,57,couch,0.28825944662094116,2.0083682008368204,1.0292116403579712,0.9791565604788492,0.9791565604788492,95.13656104183661,479,0,479,0.7673695087432861,0.9268708981573582,False
0,96,2,75,vase,0.28520432114601135,2.9090909090909096,2.059535026550293,0.8495558825406166,0.8495558825406166,41.24988755173622,405,559,405,2.035053014755249,0.45067578926682494,False
0,97,0,56,chair,0.3466944396495819,2.0083682008368204,1.5543322563171387,0.45403594451968177,0.45403594451968177,29.210996727011395,479,310,479,2.0323166847229004,-0.017886523902415963,True
0,97,1,75,vase,0.2962954044342041,2.6086956521739135,1.8145461082458496,0.7941495439280639,0.7941495439280639,43.765740662042525,424,592,424,1.8198111057281494,0.45360861420631426,False
0,98,0,56,chair,0.64060378074646,2.0083682008368204,1.5501532554626465,0.45821494537417395,0.45821494537417395,29.55933187634527,479,310,479,1.7849990129470825,0.16682886220514792,False
0,99,0,61,toilet,0.42807087302207947,2.0083682008368204,1.421125888824463,0.5872423120123575,0.5872423120123575,41.32232876976978,479,611,479,1.5122253894805908,0.37055666223168404,False
0,99,1,61,toilet,0.28436577320098877,2.0083682008368204,1.421125888824463,0.5872423120123575,0.5872423120123575,41.32232876976978,479,611,479,1.5122253894805908,0.37055666223168404,False
0,100,0,56,chair,0.6941283941268921,2.0083682008368204,1.3250079154968262,0.6833602853399943,0.6833602853399943,51.57405305641218,479,366,479,1.4024279117584229,0.4525616534054282,False
0,101,0,56,chair,0.302253395318985,2.0083682008368204,1.2973140478134155,0.7110541530234049,0.7110541530234049,54.809716600376426,479,426,479,1.3455815315246582,0.4950187936425212,False
0,102,0,56,chair,0.380904883146286,2.0083682008368204,1.1922529935836792,0.8161152072531412,0.8161152072531412,68.45151252672125,479,490,479,1.3546972274780273,0.48821050822734846,False
0,102,1,59,bed,0.3408784866333008,2.0083682008368204,0.6102043390274048,1.3981638618094157,1.3981638618094157,229.13043588610452,479,2,479,0.5721520185470581,1.072673961147666,False
1,9,0,25,umbrella,0.37064284086227417,2.98136645962733,3.3390486240386963,-0.35768216441136635,0.35768216441136635,10.712098105919083,401,2,401,3.3390486240386963,-0.17995883896946885,False
1,11,0,56,chair,0.48463156819343567,5.58139534883721,6.391263008117676,-0.8098676592804654,0.8098676592804654,12.671480711274686,326,2,326,6.202360153198242,-0.1668842911720272,False
1,13,0,13,bench,0.28993621468544006,4.102564102564104,4.554739952087402,-0.45217584952329837,0.45217584952329837,9.92758871592811,357,41,357,4.483414649963379,-0.13924848139286006,True
1,15,0,57,couch,0.601984977722168,4.752475247524754,5.395698547363281,-0.6432232998385272,0.6432232998385272,11.921038475228595,341,30,341,5.288379669189453,-0.16914483308792083,False
1,15,1,56,chair,0.29821285605430603,5.161290322580647,5.756720542907715,-0.595430220327068,0.595430220327068,10.343219127783415,333,197,333,5.626596450805664,-0.13522959351539598,True
1,16,0,57,couch,0.38714513182640076,4.571428571428573,5.138240814208984,-0.5668122427804114,0.5668122427804114,11.031251030761007,345,10,345,5.086676120758057,-0.1690656021237371,False
1,16,1,59,bed,0.27454525232315063,4.571428571428573,5.138240814208984,-0.5668122427804114,0.5668122427804114,11.031251030761007,345,10,345,5.086676120758057,-0.1690656021237371,False
1,17,0,59,bed,0.5052447319030762,4.24778761061947,4.8154144287109375,-0.5676268180914672,0.5676268180914672,11.787704391694861,353,2,353,4.726156711578369,-0.1689240887761112,False
1,17,1,56,chair,0.3791733980178833,6.075949367088609,6.669867515563965,-0.593918148475356,0.593918148475356,8.904496934751151,319,214,319,6.569319248199463,-0.12180068939924205,True
1,17,2,56,chair,0.36557435989379883,4.752475247524754,5.251959323883057,-0.4994840763583026,0.4994840763583026,9.51043306993869,341,184,341,5.18829345703125,-0.13755512237548784,True
1,17,3,57,couch,0.3628455102443695,4.24778761061947,4.8154144287109375,-0.5676268180914672,0.5676268180914672,11.787704391694861,353,2,353,4.726156711578369,-0.1689240887761112,False
1,18,0,59,bed,0.5084237456321716,4.948453608247424,5.619811058044434,-0.6713574497970098,0.6713574497970098,11.946263724222554,337,83,337,5.503127098083496,-0.16813540160655926,False
1,18,1,56,chair,0.39515331387519836,4.948453608247424,5.511624336242676,-0.563170727995252,0.563170727995252,10.21787214872432,337,246,337,5.398476600646973,-0.1364132195711132,True
1,18,2,56,chair,0.2785986065864563,4.24778761061947,4.711822509765625,-0.4640348991461547,0.4640348991461547,9.848310249047065,353,266,353,4.639891624450684,-0.1384617298841473,True
1,19,0,59,bed,0.6757760643959045,5.393258426966294,6.1348876953125,-0.7416292683462062,0.7416292683462062,12.088717922462784,329,162,329,5.994063854217529,-0.16709900945425016,False
1,19,1,56,chair,0.4461635947227478,4.948453608247424,5.5395002365112305,-0.5910466282638067,0.5910466282638067,10.669674212994474,337,306,337,5.411710262298584,-0.14042467325925778,True
1,20,0,59,bed,0.4371712803840637,5.161290322580647,5.818539619445801,-0.657249296865154,0.657249296865154,11.295777632390774,333,150,333,5.738801002502441,-0.1678390413522719,False
1,20,1,56,chair,0.4092811942100525,4.752475247524754,5.289130210876465,-0.5366549633517108,0.5366549633517108,10.146374582500236,341,305,341,5.185727596282959,-0.13674527257680857,True
1,20,2,56,chair,0.3245844542980194,6.000000000000002,6.664833068847656,-0.6648330688476545,0.6648330688476545,9.97523961935634,320,330,320,6.593069553375244,-0.1482673883438106,True
1,21,0,59,bed,0.6811593174934387,5.393258426966294,6.141962051391602,-0.7487036244253078,0.7487036244253078,12.189974769636876,329,246,329,5.9906392097473145,-0.16614653021097148,False
1,21,1,56,chair,0.422853022813797,4.752475247524754,5.285630702972412,-0.5331554554476581,0.5331554554476581,10.08688433620295,341,360,341,5.191986083984375,-0.138720607757568,True
1,22,0,59,bed,0.5676789283752441,5.647058823529413,6.334195613861084,-0.687136790331671,0.687136790331671,10.848051311014354,325,301,325,6.274499416351318,-0.1666639074683185,False
1,22,2,59,bed,0.2577090561389923,2.0083682008368204,2.1874749660491943,-0.1791067652123739,0.1791067652123739,8.187831540575717,479,2,479,2.1903164386749268,-0.1358925901353356,True
1,23,1,56,chair,0.5479351878166199,2.253521126760564,2.460965156555176,-0.20744402979461185,0.20744402979461185,8.429376955705829,453,122,453,2.450791597366333,-0.1313081569969652,True
1,23,2,59,bed,0.4863024353981018,5.647058823529413,6.281547546386719,-0.6344887228573057,0.6344887228573057,10.10083451843451,325,356,325,6.274734020233154,-0.16672622412443117,False
1,24,0,59,bed,0.5489696264266968,5.393258426966294,6.009001731872559,-0.6157433049062648,0.6157433049062648,10.247014934947996,329,416,329,5.993635654449463,-0.16697991639375664,False
1,24,1,56,chair,0.2894393503665924,2.4365482233502544,2.6709201335906982,-0.2343719102404438,0.2343719102404438,8.774950148934698,437,190,437,2.653306007385254,-0.13344151079654654,True
1,25,0,59,bed,0.5178535580635071,5.161290322580647,5.7999043464660645,-0.6386140238854177,0.6386140238854177,11.01076820817797,333,419,333,5.7368388175964355,-0.16726878136396395,False
1,25,1,56,chair,0.3370388150215149,2.211981566820277,2.421328544616699,-0.20934697779642208,0.20934697779642208,8.645955058922501,457,177,457,2.4089860916137695,-0.13359369337558724,True
1,26,0,59,bed,0.5645775198936462,4.752475247524754,5.444197654724121,-0.6917224071993671,0.6917224071993671,12.705681370681596,341,429,341,5.2777323722839355,-0.16578428000211676,False
1,26,1,59,bed,0.31221866607666016,3.137254901960785,2.6396965980529785,0.49755830390780664,0.49755830390780664,18.849071680237877,393,198,393,2.5302202701568604,0.2902384333312513,False
1,27,0,59,bed,0.3293963670730591,4.752475247524754,5.269060134887695,-0.5165848873629413,0.5165848873629413,9.804118270401021,341,431,341,5.288212776184082,-0.16909215748310058,False
1,27,1,56,chair,0.2606762647628784,2.0083682008368204,2.195676803588867,-0.18730860275204675,0.18730860275204675,8.530791164067862,479,85,479,2.1957054138183594,-0.13991748094558676,True
1,29,0,59,bed,0.5296180844306946,2.0083682008368204,1.5508122444152832,0.45755595642153724,0.45755595642153724,29.504278036833124,479,76,479,1.32912278175354,0.507311422377825,False
1,29,1,59,bed,0.49874716997146606,4.752475247524754,5.2905473709106445,-0.5380721233858905,0.5380721233858905,10.17044335231562,341,375,341,5.286379814147949,-0.16851362884044607,False
1,30,0,59,bed,0.5117526054382324,2.0083682008368204,1.5854195356369019,0.4229486651999186,0.4229486651999186,26.67739709855472,479,26,479,1.4240570068359375,0.4364074230194095,False
1,30,1,59,bed,0.38546523451805115,4.571428571428573,5.068849563598633,-0.49742099217005986,0.49742099217005986,9.813291673563015,345,378,345,5.091461658477783,-0.1706358566880224,False
1,31,0,59,bed,0.28662651777267456,4.571428571428573,5.088836193084717,-0.5174076216561438,0.5174076216561438,10.167503964054799,345,322,345,5.084826469421387,-0.1684586852788923,False
1,32,0,56,chair,0.3408047556877136,4.102564102564104,4.060256004333496,0.04230809823060788,0.04230809823060788,1.0420056810568745,357,528,357,4.062025547027588,0.0148219093680384,True
1,35,0,57,couch,0.3537859320640564,3.8400000000000007,4.281802177429199,-0.4418021774291985,0.4418021774291985,10.318136128709646,365,259,365,4.274819374084473,-0.1698513180017469,False
1,35,1,56,chair,0.25449901819229126,4.571428571428573,2.6607542037963867,1.9106743676321862,1.9106743676321862,71.80950291860931,345,493,345,2.6641764640808105,0.6258170977234842,False
1,36,0,57,couch,0.4001370668411255,3.609022556390978,4.02263069152832,-0.4136081351373422,0.4136081351373422,10.282031010413233,373,257,373,4.018054008483887,-0.17000369727611497,False
1,36,1,56,chair,0.3208896815776825,4.24778761061947,3.6838555335998535,0.5639320770196168,0.5639320770196168,15.308202829239178,353,485,353,4.710763454437256,-0.16348834484815566,False
1,36,2,56,chair,0.30128213763237,4.24778761061947,4.782538414001465,-0.5347508033819945,0.5347508033819945,11.18131747392653,353,426,353,4.7065348625183105,-0.161995123326778,False
1,37,0,56,chair,0.32945746183395386,3.404255319148937,3.768294095993042,-0.3640387768441049,0.3640387768441049,9.660572332483284,381,256,381,3.7634332180023193,-0.1582627616822716,False
1,37,1,59,bed,0.3055477738380432,3.096774193548388,3.4389753341674805,-0.34220114061909257,0.34220114061909257,9.950671562520347,395,78,395,3.101294755935669,-0.0021896474063392013,True
1,37,2,56,chair,0.2648485600948334,2.77456647398844,3.0430471897125244,-0.2684807157240843,0.2684807157240843,8.82275886590663,413,456,413,3.0298855304718018,-0.13803186491131747,True
1,38,0,59,bed,0.6069167256355286,2.5396825396825404,1.6527162790298462,0.8869662606526942,0.8869662606526942,53.66718243819493,429,30,429,1.2886251211166382,0.7389057878404858,False
1,38,1,56,chair,0.39005419611930847,3.137254901960785,3.515023708343506,-0.3777688063827207,0.3777688063827207,10.74726197396684,393,249,393,3.493032455444336,-0.1701061427593229,False
1,38,2,56,chair,0.3590385913848877,3.8400000000000007,3.173964500427246,0.6660354995727547,0.6660354995727547,20.984339915682735,365,513,365,3.1784379482269287,0.2584226764738562,False
1,38,3,60,dining table,0.35343998670578003,2.5531914893617027,2.797769546508789,-0.24457805714708636,0.24457805714708636,8.741894322650138,428,470,428,2.783195972442627,-0.1351276338100431,True
1,39,0,59,bed,0.599282443523407,2.211981566820277,2.472006320953369,-0.260024754133092,0.260024754133092,10.518773836824547,457,2,457,2.4487526416778564,-0.16056038513779614,False
1,39,1,57,couch,0.4551425278186798,2.9090909090909096,3.260561943054199,-0.3514710339632896,0.3514710339632896,10.779461948637705,405,245,405,3.2391273975372314,-0.17017506435513452,False
1,39,2,56,chair,0.429403692483902,2.9090909090909096,3.260561943054199,-0.3514710339632896,0.3514710339632896,10.779461948637705,405,245,405,3.2391273975372314,-0.17017506435513452,False
1,39,3,56,chair,0.2614668011665344,3.9669421487603316,3.814168930053711,0.15277321870662064,0.15277321870662064,4.005413014165298,361,541,361,4.083181381225586,-0.043952959775924505,True
1,40,0,56,chair,0.5150684714317322,2.253521126760564,2.484544515609741,-0.23102338884917728,0.23102338884917728,9.298420189202405,453,499,453,2.4717698097229004,-0.14527177959680526,True
1,40,1,56,chair,0.46486809849739075,2.711864406779662,3.0175695419311523,-0.30570513515149056,0.30570513515149056,10.130839767021529,417,238,417,3.0209381580352783,-0.17095641866326283,False
1,40,2,57,couch,0.4616154134273529,2.711864406779662,3.0175695419311523,-0.30570513515149056,0.30570513515149056,10.130839767021529,417,238,417,3.0209381580352783,-0.17095641866326283,False
1,41,0,56,chair,0.6647794246673584,2.4870466321243527,2.77064847946167,-0.2836018473373172,0.2836018473373172,10.235937522915947,433,230,433,2.7716095447540283,-0.17162700667977315,False
1,41,1,56,chair,0.6252750158309937,2.77456647398844,3.0739634037017822,-0.2993969297133421,0.2993969297133421,9.73976883891321,413,544,413,3.0587754249572754,-0.1536504641175267,False
1,41,2,57,couch,0.31421223282814026,2.4870466321243527,2.77064847946167,-0.2836018473373172,0.2836018473373172,10.235937522915947,433,230,433,2.7716095447540283,-0.17162700667977315,False
1,42,0,56,chair,0.6780819892883301,2.253521126760564,2.5150108337402344,-0.26148970697967044,0.26148970697967044,10.397160261564053,453,225,453,2.5049471855163574,-0.1673554703593252,False
1,42,1,56,chair,0.34810715913772583,2.5396825396825404,2.7972097396850586,-0.25752720000251816,0.25752720000251816,9.206574549948245,429,599,429,2.796417236328125,-0.15163393020629834,False
1,42,2,57,couch,0.2686271071434021,2.253521126760564,2.5150108337402344,-0.26148970697967044,0.26148970697967044,10.397160261564053,453,225,453,2.5049471855163574,-0.1673554703593252,False
1,42,3,56,chair,0.2582132816314697,2.4870466321243527,2.7646677494049072,-0.2776211172805545,0.2776211172805545,10.041753383939616,433,600,433,2.7350566387176514,-0.14958103522658317,True
1,43,0,57,couch,0.6607256531715393,2.0600858369098716,2.2714807987213135,-0.2113949618114419,0.2113949618114419,9.306482446624363,473,213,473,2.2779884338378906,-0.15866032838821398,False
1,43,1,56,chair,0.42836979031562805,2.0600858369098716,2.2714807987213135,-0.2113949618114419,0.2113949618114419,9.306482446624363,473,213,473,2.2779884338378906,-0.15866032838821398,False
1,44,0,57,couch,0.7380585074424744,2.0083682008368204,2.028066635131836,-0.0196984342950155,0.0196984342950155,0.971291275828074,479,127,479,2.2405993938446045,-0.17344767227768854,False
1,44,1,56,chair,0.3993339240550995,2.0083682008368204,2.028066635131836,-0.0196984342950155,0.0196984342950155,0.971291275828074,479,127,479,2.2405993938446045,-0.17344767227768854,False
1,45,0,57,couch,0.7966770529747009,2.0083682008368204,2.0767431259155273,-0.0683749250787069,0.0683749250787069,3.2924112869550957,479,254,479,2.2424561977386475,-0.174834472686052,False
1,45,1,56,chair,0.2694081962108612,2.0083682008368204,2.0767431259155273,-0.0683749250787069,0.0683749250787069,3.2924112869550957,479,254,479,2.2424561977386475,-0.174834472686052,False
1,46,0,57,couch,0.8123788237571716,2.0083682008368204,2.1419010162353516,-0.13353281539853112,0.13353281539853112,6.234313088530631,479,318,479,2.150588274002075,-0.10622061714529951,True
1,46,1,59,bed,0.7831317186355591,2.0083682008368204,1.9976881742477417,0.01068002658907874,0.01068002658907874,0.5346193027898589,479,2,479,1.883089303970337,0.09356767609715488,True
1,47,0,57,couch,0.8605086207389832,2.0083682008368204,1.9602267742156982,0.048141426621122196,0.048141426621122196,2.4559110840828073,479,263,479,2.2414376735687256,-0.17407376244664152,False
1,47,1,59,bed,0.547898530960083,2.0083682008368204,2.0164883136749268,-0.00812011283810632,0.00812011283810632,0.4026858367112433,479,2,479,1.7906190156936646,0.1626314226537946,False
1,48,0,57,couch,0.7523080706596375,2.0083682008368204,1.7813224792480469,0.22704572158877356,0.22704572158877356,12.745907842841394,479,206,479,2.244436025619507,-0.1763131566345688,False
1,48,1,56,chair,0.2898423671722412,2.0083682008368204,1.7813224792480469,0.22704572158877356,0.22704572158877356,12.745907842841394,479,206,479,2.244436025619507,-0.1763131566345688,False
1,49,0,57,couch,0.7031552791595459,2.0083682008368204,1.7668495178222656,0.2415186830145548,0.2415186830145548,13.66945405244467,479,279,479,2.161811351776123,-0.11460285335779163,True
1,49,1,59,bed,0.6522827744483948,2.0083682008368204,1.8176028728485107,0.1907653279883097,0.1907653279883097,10.495434995068317,479,2,479,1.5373055934906006,0.3518248848617078,False
1,49,2,56,chair,0.3527091443538666,2.0083682008368204,1.7668495178222656,0.2415186830145548,0.2415186830145548,13.66945405244467,479,279,479,2.161811351776123,-0.11460285335779163,True
1,50,0,59,bed,0.8400256037712097,2.0083682008368204,1.7918047904968262,0.21656341033999427,0.21656341033999427,12.086328348298824,479,2,479,1.5204068422317505,0.36444613970816153,False
1,50,1,57,couch,0.7704306840896606,2.0083682008368204,1.6965703964233398,0.3117978044134806,0.3117978044134806,18.378123599869692,479,337,479,2.186006784439087,-0.13267381712794268,True
1,51,0,57,couch,0.44482147693634033,2.0083682008368204,1.6425869464874268,0.3657812543493937,0.3657812543493937,22.26860837604943,479,322,479,2.245307207107544,-0.17696382030844648,False
1,51,1,59,bed,0.38724035024642944,2.0083682008368204,1.7257665395736694,0.282601661263151,0.282601661263151,16.37542823915015,479,2,479,1.4122734069824219,0.44520829916000393,False
1,51,2,59,bed,0.3697461187839508,2.0083682008368204,2.111199378967285,-0.10283117813046472,0.10283117813046472,4.87074689178649,479,2,479,1.4122734069824219,0.44520829916000393,False
1,51,3,59,bed,0.27653032541275024,2.0083682008368204,1.6425869464874268,0.3657812543493937,0.3657812543493937,22.26860837604943,479,322,479,2.245307207107544,-0.17696382030844648,False
1,52,0,57,couch,0.7356813549995422,2.0083682008368204,1.6254398822784424,0.38292831855837806,0.38292831855837806,23.558442408931946,479,378,479,2.245788097381592,-0.17732298523187606,False
1,52,1,59,bed,0.5685828328132629,2.0083682008368204,1.6014304161071777,0.4069377847296427,0.4069377847296427,25.410893950599718,479,2,479,1.4675551652908325,0.4039197359234097,False
1,52,2,59,bed,0.42299336194992065,2.0083682008368204,1.6013845205307007,0.40698368030611975,0.40698368030611975,25.414488218684973,479,2,479,1.4675551652908325,0.4039197359234097,False
1,52,3,58,potted plant,0.31154876947402954,2.711864406779662,2.029440402984619,0.6824240037950426,0.6824240037950426,33.62621552184672,417,412,417,2.0050415992736816,0.3909613654017452,False
1,53,0,59,bed,0.7032657265663147,2.0083682008368204,1.9124212265014648,0.0959469743353556,0.0959469743353556,5.017041905086913,479,2,479,1.3737092018127441,0.474010939896107,False
1,54,0,59,bed,0.632502555847168,2.0083682008368204,1.8348572254180908,0.17351097541872962,0.17351097541872962,9.456374753037986,479,2,479,1.4570279121398926,0.41178227812051804,False
1,55,0,59,bed,0.6921963691711426,2.0083682008368204,1.6298928260803223,0.3784753747564982,0.3784753747564982,23.220874937322204,479,6,479,1.4660162925720215,0.40506908148527176,False
1,56,0,59,bed,0.7827889919281006,2.0083682008368204,1.44914972782135,0.5592184730154703,0.5592184730154703,38.589419870105395,479,2,479,1.3936787843704224,0.459096157923341,False
1,56,1,58,potted plant,0.28045547008514404,2.0083682008368204,1.3931753635406494,0.615192837296171,0.615192837296171,44.157602366202134,479,526,479,1.749484896659851,0.193353467807174,False
1,57,0,59,bed,0.6890247464179993,2.0083682008368204,1.4180748462677002,0.5902933545691202,0.5902933545691202,41.62638919396546,479,2,479,1.2583541870117188,0.5601667165756228,False
1,58,0,59,bed,0.3928125500679016,2.0083682008368204,1.422855257987976,0.5855129428488444,0.5855129428488444,41.15056254399366,479,2,479,1.2851014137268066,0.5401898816227915,False
1,58,1,59,bed,0.3854837715625763,2.0083682008368204,1.4312915802001953,0.5770766206366251,0.5770766206366251,40.31859256489926,479,2,479,1.2851014137268066,0.5401898816227915,False
1,59,0,59,bed,0.46081966161727905,2.0083682008368204,1.4236823320388794,0.584685868797941,0.584685868797941,41.06856253252807,479,2,479,1.4262844324111938,0.4347438145428899,False
1,60,0,59,bed,0.6265552043914795,2.0083682008368204,1.454520583152771,0.5538476176840494,0.5538476176840494,38.07767480908023,479,2,479,1.423766851425171,0.43662413284182566,False
1,74,0,59,bed,0.4295903742313385,2.0083682008368204,1.4965646266937256,0.5118035741430949,0.5118035741430949,34.19856149305046,479,2,479,1.4223064184188843,0.4377148937433961,False
1,76,0,59,bed,0.45251181721687317,2.0083682008368204,1.445908784866333,0.5624594159704874,0.5624594159704874,38.900062151741054,479,2,479,1.4313098192214966,0.4309904787689449,False
1,77,0,59,bed,0.5893065333366394,2.0083682008368204,1.4398407936096191,0.5685274072272013,0.5685274072272013,39.48543545581366,479,2,479,1.334344744682312,0.5034112688153984,False
1,77,1,59,bed,0.2942681312561035,2.0083682008368204,1.4726241827011108,0.5357440181357096,0.5357440181357096,36.380226837850735,479,2,479,1.334344744682312,0.5034112688153984,False
1,77,2,28,suitcase,0.2806924283504486,2.9268292682926838,2.5626652240753174,0.36416404421736637,0.36416404421736637,14.21036352295166,404,32,404,2.1289474964141846,0.4089144080877305,False
1,78,0,59,bed,0.7400850653648376,2.0083682008368204,1.4402858018875122,0.5680823989493082,0.5680823989493082,39.44233833346335,479,2,479,1.284894585609436,0.5403443563729526,False
1,79,0,59,bed,0.6360328793525696,2.0083682008368204,1.4396493434906006,0.5687188573462199,0.5687188573462199,39.50398476668586,479,2,479,1.2808140516281128,0.5433920051902534,False
1,79,1,28,suitcase,0.596499502658844,2.9090909090909096,2.1467907428741455,0.7623001662167641,0.7623001662167641,35.50882491677735,405,110,405,2.1156585216522217,0.4091135747730734,False
1,80,0,59,bed,0.4071338176727295,2.0083682008368204,1.4373306035995483,0.5710375972372721,0.5710375972372721,39.729036298761486,479,0,479,1.273474097251892,0.5488740336149933,False
1,81,0,59,bed,0.31504184007644653,2.0083682008368204,1.4396555423736572,0.5687126584631632,0.5687126584631632,39.5033840890501,479,2,479,1.4730052947998047,0.399849170446396,False
1,90,0,0,person,0.38427165150642395,2.0083682008368204,0.4781886339187622,1.5301795669180582,1.5301795669180582,319.994968173588,479,444,479,0.7093971371650696,0.9701690131798387,False
2,0,0,56,chair,0.5057475566864014,2.0083682008368204,1.1323904991149902,0.8759777017218302,0.8759777017218302,77.35650399808571,479,2,479,0.9928856492042542,0.7584385307505729,False
2,1,0,56,chair,0.2883373498916626,2.0083682008368204,1.0780060291290283,0.9303621717077921,0.9303621717077921,86.30398593034543,479,2,479,1.0410261154174805,0.7224836200475694,False
2,5,0,0,person,0.39940860867500305,2.211981566820277,1.5276888608932495,0.6842927059270276,0.6842927059270276,44.79267496438491,457,408,457,1.6091253757476807,0.40881185457110436,False
2,7,0,62,tv,0.2975865304470062,6.315789473684212,6.860232353210449,-0.5444428795262368,0.5444428795262368,7.936216318845944,316,2,316,6.74196720123291,-0.10121721029281594,True
2,7,1,0,person,0.25422561168670654,2.0083682008368204,1.355436086654663,0.6529321141821574,0.6529321141821574,48.17136865476645,479,348,479,1.4614955186843872,0.40844553448259857,False
2,22,0,75,vase,0.30337774753570557,2.0083682008368204,1.0964322090148926,0.9119359918219279,0.9119359918219279,83.17303927447294,479,2,479,1.170444369316101,0.6258243616670371,False
2,23,0,58,potted plant,0.7412965297698975,2.0960698689956336,1.2300586700439453,0.8660111989516883,0.8660111989516883,70.40405633015449,469,118,469,1.2195968627929688,0.627225995063782,False
2,38,0,56,chair,0.29408013820648193,3.609022556390978,3.9250850677490234,-0.3160625113580453,0.3160625113580453,8.05237353847473,373,634,373,3.867539167404175,-0.10744596645235971,True
2,47,0,62,tv,0.35576918721199036,2.0083682008368204,2.199923276901245,-0.19155507606442468,0.19155507606442468,8.707352573415388,479,602,479,2.129082679748535,-0.09015862643718697,True
2,49,0,57,couch,0.5380328297615051,3.404255319148937,3.7738454341888428,-0.3695901150399057,0.3695901150399057,9.793461907359385,381,602,381,3.716909170150757,-0.13776310309767692,True
2,49,1,57,couch,0.25240474939346313,2.4870466321243527,2.7362165451049805,-0.24916991298062774,0.24916991298062774,9.106366724753059,433,636,433,2.7090885639190674,-0.13391904011368738,True
2,50,0,58,potted plant,0.2808021903038025,5.393258426966294,2.7411787509918213,2.6520796759744725,2.6520796759744725,96.74960726347705,329,509,329,2.7148749828338623,0.7449253953993321,False
2,50,1,62,tv,0.27569687366485596,2.461538461538462,2.6435232162475586,-0.18198475470909647,0.18198475470909647,6.884174634464572,435,2,435,2.612974166870117,-0.09228113293647744,True
2,51,0,58,potted plant,0.2828304171562195,4.752475247524754,2.4166903495788574,2.3357848979458966,2.3357848979458966,96.65222101594192,341,596,341,2.393179416656494,0.7446527466177942,False
2,52,0,58,potted plant,0.3857695758342743,4.24778761061947,2.172546863555908,2.075240747063562,2.075240747063562,95.5211039115133,353,613,353,2.1379001140594482,0.7450540222227575,False
2,54,0,57,couch,0.32574862241744995,2.253521126760564,2.4476633071899414,-0.19414218042937748,0.19414218042937748,7.931735539732541,453,631,453,2.439530611038208,-0.12381256297230703,True
2,54,1,75,vase,0.3003810942173004,6.575342465753426,3.344107151031494,3.231235314721932,3.231235314721932,96.62475419560803,313,570,313,3.3369898796081543,0.7387491837143899,False
2,54,2,60,dining table,0.29613664746284485,4.24778761061947,3.720123291015625,0.5276643196038453,0.5276643196038453,14.184054622011963,353,555,353,3.720123291015625,0.18633146286010782,False
2,54,3,56,chair,0.25682762265205383,2.8402366863905333,3.087085723876953,-0.24684903748641984,0.24684903748641984,7.996183441787018,409,531,409,3.0486044883728027,-0.1100442454218864,True
2,54,4,60,dining table,0.2566978633403778,4.24778761061947,3.3815152645111084,0.8662723461083619,0.8662723461083619,25.61787477938845,353,558,353,3.393552780151367,0.30165167450904873,False
3,1,0,13,bench,0.34312912821769714,4.571428571428573,4.9953508377075195,-0.4239222662789466,0.4239222662789466,8.48633619642808,345,616,345,4.897934436798096,-0.10713473707437493,True
3,4,0,58,potted plant,0.27751561999320984,9.79591836734694,5.131333351135254,4.664585016211687,4.664585016211687,90.90395608735294,289,478,289,5.1372971534729,0.7133513733744622,False
3,5,0,58,potted plant,0.30287835001945496,10.66666666666667,5.583156585693359,5.08351008097331,5.08351008097331,91.05082408040685,285,410,285,5.5274224281311035,0.7227062210440637,False
3,8,0,59,bed,0.626017689704895,3.2214765100671148,3.5767717361450195,-0.35529522607790476,0.35529522607790476,9.933405100679854,389,570,389,2.459522247314453,0.35478495359420803,False
3,9,0,59,bed,0.6121677160263062,3.7209302325581404,4.10526180267334,-0.3843315701151995,0.3843315701151995,9.361925952321076,369,490,369,2.7571253776550293,0.38853383213281645,False
3,10,0,59,bed,0.4353775084018707,4.24778761061947,4.428152561187744,-0.18036495056827384,0.18036495056827384,4.073142198151713,353,431,353,3.7280592918395996,0.1835290625691417,False
3,11,0,59,bed,0.38822516798973083,3.7209302325581404,4.16167688369751,-0.4407466511393694,0.4407466511393694,10.590602381119526,369,437,369,3.4757373332977295,0.09884338751435284,True
3,12,0,59,bed,0.34307190775871277,4.24778761061947,3.9413139820098877,0.3064736286095826,0.3064736286095826,7.775925237331517,353,452,353,3.916106700897217,0.11712482124567059,True
3,13,0,59,bed,0.8005235195159912,3.3103448275862077,3.7019009590148926,-0.39155613142868484,0.39155613142868484,10.577163888600664,385,536,385,3.6592695713043213,-0.15810652449727036,False
3,13,1,59,bed,0.2962307631969452,4.102564102564104,4.474088668823242,-0.3715245662591382,0.3715245662591382,8.303916032063245,357,33,357,4.398202896118164,-0.10809293389320329,True
3,13,2,58,potted plant,0.280270516872406,8.421052631578949,4.375434398651123,4.045618232927826,4.045618232927826,92.46209323067501,297,154,297,4.26688289642334,0.7399614840745927,False
3,14,0,59,bed,0.5461070537567139,3.057324840764332,3.426333427429199,-0.36900858666486736,0.36900858666486736,10.769780422150479,397,557,397,3.381173849105835,-0.15888841971754997,False
3,15,0,59,bed,0.61395263671875,2.0083682008368204,2.237581253051758,-0.22921305221493737,0.22921305221493737,10.243786763154269,479,470,479,1.983025074005127,0.01892814785242103,True
3,16,0,59,bed,0.3344826400279999,2.0083682008368204,2.206273317337036,-0.1979051165002157,0.1979051165002157,8.970108777777654,479,466,479,1.9734151363372803,0.026105570048094107,True
3,16,1,58,potted plant,0.268808513879776,6.956521739130436,3.5977492332458496,3.3587725058845868,3.3587725058845868,93.35760466146607,309,125,309,3.52207088470459,0.740553465485573,False
3,17,0,58,potted plant,0.5574201941490173,6.575342465753426,3.3952698707580566,3.1800725949953694,3.1800725949953694,93.66185063472906,313,106,313,3.300166130065918,0.7471496015787126,False
3,17,1,75,vase,0.40942856669425964,6.575342465753426,3.3960256576538086,3.1793168080996175,3.1793168080996175,93.6187511108527,313,106,313,3.300166130065918,0.7471496015787126,False
3,17,2,59,bed,0.3383902609348297,2.0083682008368204,1.9758787155151367,0.03248948532168372,0.03248948532168372,1.644305648244877,479,490,479,1.7314121723175049,0.2068515338003638,False
3,18,0,59,bed,0.3174818754196167,2.594594594594595,2.4351930618286133,0.1594015327659819,0.1594015327659819,6.5457451922224825,425,589,425,2.4341509342193604,0.09275649115443252,True
3,19,0,59,bed,0.6447495222091675,2.6086956521739135,2.821767807006836,-0.2130721548329224,0.2130721548329224,7.551016575631597,424,552,424,2.8768301010131836,-0.15417730808258012,False
3,19,1,58,potted plant,0.38813096284866333,5.393258426966294,2.744631767272949,2.6486266596933445,2.6486266596933445,96.50207693708235,329,2,329,2.7133820056915283,0.7453406296670438,False
3,20,0,59,bed,0.5065816640853882,2.77456647398844,3.0605053901672363,-0.2859389161787962,0.2859389161787962,9.342865955977667,413,420,413,3.0585527420043945,-0.15353007614612557,False
3,21,0,59,bed,0.6353479027748108,2.9090909090909096,3.212150812149048,-0.30305990305813824,0.30305990305813824,9.434796831826832,405,362,405,3.2047877311706543,-0.15246867388486818,False
3,21,1,57,couch,0.6181795597076416,2.1333333333333337,2.3912010192871094,-0.2578676859537756,0.2578676859537756,10.78402375516944,465,636,465,2.380952835083008,-0.17410746216773965,False
3,22,0,57,couch,0.5006842613220215,2.0960698689956336,2.35935640335083,-0.26328653435519644,0.26328653435519644,11.15925232751054,469,637,469,2.338963508605957,-0.17382076084613773,False
3,22,1,59,bed,0.47281521558761597,2.6519337016574593,2.9584784507751465,-0.30654474911768714,0.30654474911768714,10.361567752415766,421,369,421,2.9223291873931885,-0.15294244661927214,False
3,22,2,58,potted plant,0.2689826786518097,3.609022556390978,2.9053006172180176,0.7037219391729606,0.7037219391729606,24.22200081473195,373,595,373,2.666759490966797,0.39162808656692527,False
3,23,0,57,couch,0.8426877856254578,2.025316455696203,2.193523645401001,-0.16820718970479787,0.16820718970479787,7.668355436125133,477,598,477,2.2387757301330566,-0.15809327512979476,False
3,23,1,59,bed,0.38775235414505005,2.6519337016574593,2.958400249481201,-0.30646654782374183,0.30646654782374183,10.359198282162302,421,312,421,2.923398494720459,-0.15354727357625952,False
3,23,2,59,bed,0.2677318751811981,2.6519337016574593,2.958348274230957,-0.3064145725734977,0.3064145725734977,10.357623382025642,421,312,421,2.923398494720459,-0.15354727357625952,False
3,24,0,59,bed,0.6295557618141174,2.6519337016574593,2.9587135314941406,-0.3067798298366813,0.3067798298366813,10.368689856964911,421,258,421,2.9248764514923096,-0.15438324287533733,False
3,24,1,57,couch,0.5727939605712891,2.253521126760564,2.4986424446105957,-0.24512131785003177,0.24512131785003177,9.810179859016724,453,512,453,2.5060322284698486,-0.16807770207524286,False
3,25,0,59,bed,0.6606961488723755,2.4870466321243527,2.7716095447540283,-0.2845629126296756,0.2845629126296756,10.26706352517377,433,194,433,2.7401490211486816,-0.15265237838029844,False
3,25,1,56,chair,0.34220069646835327,2.4870466321243527,2.737466335296631,-0.25041970317227813,0.25041970317227813,9.147864210908836,433,441,433,2.7733962535858154,-0.17270461544394466,False
3,25,2,57,couch,0.3404339849948883,2.4870466321243527,2.737466335296631,-0.25041970317227813,0.25041970317227813,9.147864210908836,433,441,433,2.7733962535858154,-0.17270461544394466,False
3,26,0,57,couch,0.6844762563705444,2.211981566820277,2.470405101776123,-0.2584235349558459,0.2584235349558459,10.460775634330162,457,454,457,2.4648337364196777,-0.17146537750959356,False
3,26,1,59,bed,0.5496791005134583,2.6519337016574593,2.9640188217163086,-0.31208512005884925,0.31208512005884925,10.529120725290706,421,230,421,0.8449486494064331,1.0220759201794865,False
3,26,2,59,bed,0.3669753670692444,2.4365482233502544,2.4167592525482178,0.019788970802036676,0.019788970802036676,0.818822593982884,437,177,437,1.537587285041809,0.5534228276461365,False
3,26,3,59,bed,0.28716087341308594,2.0083682008368204,1.380820631980896,0.6275475688559244,0.6275475688559244,45.447435700294974,479,110,479,1.0626130104064941,0.7063609078526498,False
3,27,0,57,couch,0.675146222114563,2.025316455696203,2.2266383171081543,-0.2013218614119512,0.2013218614119512,9.04151607672942,477,470,477,2.235762357711792,-0.15586149618029554,False
3,27,1,59,bed,0.6235707402229309,2.171945701357467,2.4120514392852783,-0.24010573792781154,0.24010573792781154,9.95442029208788,461,194,461,0.6031212210655212,1.0834694067016244,False
3,27,2,56,chair,0.3558664917945862,2.025316455696203,2.2266383171081543,-0.2013218614119512,0.2013218614119512,9.04151607672942,477,470,477,2.235762357711792,-0.15586149618029554,False
3,27,3,61,toilet,0.32925355434417725,2.0083682008368204,1.1829309463500977,0.8254372544867228,0.8254372544867228,69.77898896242318,479,50,479,0.8254556059837341,0.8834878442808987,False
3,28,0,59,bed,0.8714290857315063,2.0083682008368204,1.88327956199646,0.12508863884036048,0.12508863884036048,6.642064267280336,479,106,479,0.357716828584671,1.2328302436508238,False
3,28,1,57,couch,0.8457586169242859,2.0083682008368204,1.9925634860992432,0.015804714737577275,0.015804714737577275,0.7931850025274473,479,464,479,2.241647243499756,-0.1742302849888797,False
3,29,0,59,bed,0.8540493249893188,2.0083682008368204,1.664076328277588,0.34429187255923255,0.34429187255923255,20.68966829878494,479,2,479,1.4560542106628418,0.4125095114111903,False
3,29,1,57,couch,0.7530598640441895,2.0083682008368204,1.8371391296386719,0.17122907119814856,0.17122907119814856,9.320419364853759,479,436,479,2.241527557373047,-0.17414089441299407,False
3,29,2,56,chair,0.29500433802604675,2.0083682008368204,1.8371391296386719,0.17122907119814856,0.17122907119814856,9.320419364853759,479,436,479,2.241527557373047,-0.17414089441299407,False
3,30,0,59,bed,0.8590933084487915,2.0083682008368204,1.5925906896591187,0.4157775111777018,0.4157775111777018,26.106991198516656,479,2,479,1.4616484642028809,0.40833130329847367,False
3,30,1,57,couch,0.844742476940155,2.0083682008368204,1.950972080230713,0.05739612060610755,0.05739612060610755,2.941924243186512,479,393,479,2.241407632827759,-0.1740513257682319,False
3,31,0,57,couch,0.7768853902816772,2.0083682008368204,2.002671957015991,0.005696243820829228,0.005696243820829228,0.28443219574096945,479,349,479,2.242006778717041,-0.1744988128542897,False
3,31,1,59,bed,0.7636824250221252,2.0083682008368204,1.610268235206604,0.39809996563021643,0.39809996563021643,24.722587015394897,479,2,479,1.4482239484786987,0.41835773847997215,False
3,31,2,56,chair,0.2563946545124054,2.0083682008368204,2.002671957015991,0.005696243820829228,0.005696243820829228,0.28443219574096945,479,349,479,2.242006778717041,-0.1744988128542897,False
3,32,0,57,couch,0.6504971981048584,2.0083682008368204,1.842453956604004,0.16591424423281653,0.16591424423281653,9.005068682347336,479,288,479,2.2423362731933594,-0.17474490404128984,False
3,32,1,56,chair,0.4898049831390381,2.0083682008368204,1.842453956604004,0.16591424423281653,0.16591424423281653,9.005068682347336,479,288,479,2.2423362731933594,-0.17474490404128984,False
3,33,0,57,couch,0.753956139087677,2.0083682008368204,1.6540279388427734,0.354340261994047,0.354340261994047,21.422870416684628,479,266,479,2.245307207107544,-0.17696382030844648,False
3,33,1,59,bed,0.4518605172634125,2.0083682008368204,1.6854325532913208,0.32293564754549964,0.32293564754549964,19.160401697170816,479,2,479,1.460566759109497,0.40913920179009455,False
3,34,0,59,bed,0.29540079832077026,2.0083682008368204,2.2557222843170166,-0.24735408348019616,0.24735408348019616,10.96562662877135,479,2,479,1.4815906286239624,0.39343699924647835,False
3,34,1,57,couch,0.26487353444099426,2.0083682008368204,1.63856041431427,0.3698077865225504,0.3698077865225504,22.569066315282203,479,258,479,2.244256019592285,-0.17617871463298762,False
3,36,0,59,bed,0.5210899114608765,2.0083682008368204,1.6935220956802368,0.3148461051565836,0.3148461051565836,18.591201494192457,479,2,479,1.3939566612243652,0.4588886186480525,False
3,37,0,59,bed,0.6924959421157837,2.0083682008368204,1.6765062808990479,0.3318619199377726,0.3318619199377726,19.794850977820815,479,2,479,1.4073688983917236,0.4488713540136817,False
3,38,0,59,bed,0.7713010907173157,2.0083682008368204,1.5997405052185059,0.4086276956183146,0.4086276956183146,25.543373708756643,479,0,479,1.2835184335708618,0.5413721699267627,False
3,39,0,59,bed,0.3817659020423889,2.0083682008368204,1.4699018001556396,0.5384664006811808,0.5384664006811808,36.63281456109283,479,2,479,1.309495210647583,0.5219707645475866,False
3,39,1,58,potted plant,0.3252854347229004,2.0083682008368204,1.480316162109375,0.5280520387274454,0.5280520387274454,35.671571536110115,479,463,479,1.8485846519470215,0.1193383380770685,True
3,40,0,59,bed,0.7303776144981384,2.0083682008368204,1.4368566274642944,0.571511573372526,0.571511573372526,39.775128739260936,479,2,479,1.3238787651062012,0.5112280473113062,False
3,40,1,58,potted plant,0.25087085366249084,2.0083682008368204,1.3788120746612549,0.6295561261755656,0.6295561261755656,45.65931338614323,479,522,479,1.7263524532318115,0.21063051149249112,False
3,41,0,59,bed,0.5984118580818176,2.0083682008368204,1.4225475788116455,0.5858206220251749,0.5858206220251749,41.18109163804225,479,2,479,1.258514642715454,0.5600468762218954,False
3,42,0,59,bed,0.38556644320487976,2.0083682008368204,1.4248794317245483,0.5834887691122721,0.5834887691122721,40.95004504388619,479,2,479,1.320814609527588,0.513516588509083,False
3,42,1,59,bed,0.27126583456993103,2.0083682008368204,1.4331194162368774,0.575248784599943,0.575248784599943,40.13962675283867,479,2,479,1.320814609527588,0.513516588509083,False
3,43,0,59,bed,0.5793571472167969,2.0083682008368204,1.4341667890548706,0.5742014117819498,0.5742014117819498,40.03728270408172,479,2,479,1.428640604019165,0.4329840488731864,False
3,44,0,59,bed,0.5661691427230835,2.0083682008368204,1.5537012815475464,0.45466691928927405,0.45466691928927405,29.26347069987664,479,2,479,1.4256422519683838,0.4352234430611135,False
3,58,0,59,bed,0.42460229992866516,2.0083682008368204,1.566494107246399,0.4418740935904215,0.4418740935904215,28.20783631080188,479,2,479,1.4390442371368408,0.4252138353884223,False
3,59,0,59,bed,0.7462930679321289,2.0083682008368204,1.4553279876708984,0.553040213165922,0.553040213165922,38.00107040138804,479,2,479,1.3181580305099487,0.5155007209628822,False
3,59,1,62,tv,0.40726616978645325,3.7209302325581404,2.424687623977661,1.2962426085804792,1.2962426085804792,53.460189913206804,369,2,369,2.3866770267486572,0.5378708235919477,False
3,60,0,59,bed,0.5431579351425171,2.0083682008368204,1.4616292715072632,0.5467389293295573,0.5467389293295573,37.40612889927611,479,2,479,1.314759612083435,0.5180389147251846,False
3,60,1,28,suitcase,0.4495663046836853,2.341463414634147,1.551306962966919,0.7901564516672281,0.7901564516672281,50.934887197052944,445,2,445,1.523872971534729,0.5237688776105645,False
4,7,0,56,chair,0.6570239067077637,2.0083682008368204,2.153818368911743,-0.14545016807492273,0.14545016807492273,6.753130634149719,479,517,479,2.163567543029785,-0.11591450870037034,True
4,7,1,56,chair,0.31337258219718933,3.609022556390978,2.3462576866149902,1.262764869775988,1.262764869775988,53.820382858193774,373,498,373,2.743778705596924,0.3596169754862788,False
4,8,0,56,chair,0.2823221683502197,2.1333333333333337,2.3335955142974854,-0.2002621809641516,0.2002621809641516,8.581700630515623,465,456,465,2.3020243644714355,-0.1186108812689779,True
4,9,0,56,chair,0.2629769444465637,2.253521126760564,2.4672985076904297,-0.21377738092986576,0.21377738092986576,8.664431168889122,453,393,453,2.430694818496704,-0.11793123856186849,True
4,10,0,56,chair,0.27530455589294434,2.341463414634147,2.5413928031921387,-0.19992938855799158,0.19992938855799158,7.866921961330359,445,320,445,2.5222702026367188,-0.11582934856414773,True
4,11,0,56,chair,0.4002476632595062,2.2966507177033497,2.505751609802246,-0.20910089209889637,0.20910089209889637,8.344837185015262,449,265,449,2.4749419689178467,-0.11644647344946812,True
4,11,1,56,chair,0.38706839084625244,2.4365482233502544,2.6796226501464844,-0.24307442679622993,0.24307442679622993,9.07121854575091,437,588,437,2.6521735191345215,-0.1327443227171894,True
4,12,0,56,chair,0.47216078639030457,2.77456647398844,3.043820381164551,-0.26925390717611064,0.26925390717611064,8.845919714654627,413,501,413,3.020829200744629,-0.13313578665256465,True
4,12,1,57,couch,0.28636956214904785,2.211981566820277,2.398139715194702,-0.18615814837442501,0.18615814837442501,7.76260645678482,457,202,457,2.379197120666504,-0.11339304745197265,True
4,12,2,56,chair,0.2755393981933594,2.211981566820277,2.398139715194702,-0.18615814837442501,0.18615814837442501,7.76260645678482,457,202,457,2.379197120666504,-0.11339304745197265,True
4,13,0,56,chair,0.5863969922065735,2.5396825396825404,2.79213547706604,-0.2524529373834996,0.2524529373834996,9.041571924324234,429,518,429,2.765533208847046,-0.13339305147528613,True
4,13,1,56,chair,0.577248215675354,2.0083682008368204,2.168853759765625,-0.16048555892880456,0.16048555892880456,7.399556480292488,479,189,479,2.146461248397827,-0.10313824489712675,True
4,14,0,56,chair,0.5973730087280273,2.0083682008368204,2.026327610015869,-0.017959409179048702,0.017959409179048702,0.8863033346768667,479,79,479,2.069748878479004,-0.04584369361400564,True
4,14,1,56,chair,0.5350630879402161,2.77456647398844,3.053264856338501,-0.27869838235006084,0.27869838235006084,9.127880988493024,413,448,413,3.020503044128418,-0.1329594582319258,True
4,14,2,56,chair,0.28478148579597473,5.217391304347827,3.1367805004119873,2.0806108039358397,2.0806108039358397,66.3294994234557,332,149,332,2.989715099334717,0.6404569089412692,False
4,15,0,59,bed,0.6310018301010132,4.752475247524754,5.334112167358398,-0.5816369198336444,0.5816369198336444,10.904099906127158,341,592,341,5.283051013946533,-0.16746297627687423,False
4,15,1,56,chair,0.400434285402298,2.0083682008368204,1.78243887424469,0.2259293265921305,0.2259293265921305,12.675291694805987,479,2,479,1.7524086236953735,0.19116980917751825,False
4,15,2,56,chair,0.39727872610092163,2.9090909090909096,3.2049715518951416,-0.295880642804232,0.295880642804232,9.231927273403532,405,388,405,3.165006637573242,-0.13195654749870256,True
4,15,3,56,chair,0.28482845425605774,4.571428571428573,2.697136402130127,1.874292169298446,1.874292169298446,69.4919310650429,345,63,345,2.6085054874420166,0.6440841369330884,False
4,16,0,59,bed,0.7206818461418152,5.393258426966294,6.060536861419678,-0.667278434453384,0.667278434453384,11.010219881693358,329,505,329,5.9906392097473145,-0.16614653021097148,False
4,16,1,56,chair,0.5968115925788879,2.98136645962733,3.2845308780670166,-0.30316441843968667,0.30316441843968667,9.230067540668161,401,329,401,3.2442007064819336,-0.13223848044872266,True
4,16,2,57,couch,0.4324193596839905,2.0083682008368204,1.9426363706588745,0.06573183017794593,0.06573183017794593,3.383640457408505,479,2,479,1.899226188659668,0.08151544034481084,True
4,16,3,56,chair,0.2582801282405853,4.752475247524754,5.346010208129883,-0.5935349606051288,0.5935349606051288,11.102391082278844,341,626,341,5.26630163192749,-0.16217645257711366,False
4,17,0,56,chair,0.5957238674163818,2.98136645962733,3.275489330291748,-0.2941228706644181,0.2941228706644181,8.979509349774634,401,272,401,3.245518684387207,-0.13290158808231323,True
4,17,1,59,bed,0.4223703444004059,5.925925925925927,6.659806251525879,-0.7338803255999515,0.7338803255999515,11.019544681676088,321,435,321,6.580657005310059,-0.1657288044691081,False
4,18,0,56,chair,0.6387626528739929,2.8402366863905333,3.127425193786621,-0.2871885073960878,0.2871885073960878,9.182905732378718,409,214,409,3.09192156791687,-0.132921078056097,True
4,18,1,56,chair,0.48681923747062683,4.571428571428573,4.565150260925293,0.006278310503279982,0.006278310503279982,0.13752691903743505,345,548,345,4.565150260925293,0.0020600706338884667,True
4,18,3,59,bed,0.3067464232444763,6.233766233766235,7.017917633056641,-0.7841513992904057,0.7841513992904057,11.173562305673142,317,369,317,6.919079303741455,-0.16490345746278723,False
4,19,0,56,chair,0.44839605689048767,2.6519337016574593,2.9173495769500732,-0.2654158752926139,0.2654158752926139,9.097842692204596,421,147,421,2.887723445892334,-0.1333685740828512,True
4,19,1,56,chair,0.3984873294830322,4.403669724770643,4.944996356964111,-0.541326632193468,0.541326632193468,10.946957148534796,349,448,349,4.8064470291137695,-0.13719601929187752,True
4,20,0,59,bed,0.33900290727615356,2.4365482233502544,2.6759469509124756,-0.23939872756222114,0.23939872756222114,8.946318142838674,437,132,437,2.65322208404541,-0.13338984549045518,True
4,20,1,59,bed,0.30238544940948486,5.925925925925927,6.764449119567871,-0.8385231936419437,0.8385231936419437,12.396030760528664,321,321,321,6.575240612030029,-0.1643577799201008,False
4,20,2,56,chair,0.29558661580085754,5.647058823529413,4.827468395233154,0.8195904282962587,0.8195904282962587,16.977644620222822,325,481,325,6.18772029876709,-0.1436132043600078,True
4,21,0,57,couch,0.6067858338356018,2.1333333333333337,2.344552755355835,-0.2112194220225012,0.2112194220225012,9.008943029326046,465,49,465,2.3240272998809814,-0.13408169522881486,True
4,21,1,59,bed,0.5351499319076538,5.925925925925927,6.747661113739014,-0.8217351878130863,0.8217351878130863,12.178074357349377,321,265,321,6.579108238220215,-0.16533677279949144,False
4,22,0,59,bed,0.5027310848236084,5.647058823529413,6.426393508911133,-0.7793346853817198,0.7793346853817198,12.127092502210742,325,168,325,6.277317047119141,-0.16741234064102128,False
4,22,1,59,bed,0.4817923903465271,5.647058823529413,6.427131652832031,-0.7800728293026182,0.7800728293026182,12.137184539527667,325,170,325,6.277317047119141,-0.16741234064102128,False
4,22,2,56,chair,0.444394052028656,4.571428571428573,5.087678909301758,-0.5162503378731849,0.5162503378731849,10.147069952259152,345,330,345,4.991931915283203,-0.1379776597023008,True
4,22,3,59,bed,0.39426517486572266,5.647058823529413,6.373170852661133,-0.7261120291317198,0.7261120291317198,11.393261626252023,325,205,325,6.270981311798096,-0.16572941094636873,False
4,23,0,59,bed,0.6027059555053711,5.161290322580647,5.841814994812012,-0.6805246722313649,0.6805246722313649,11.649199312811584,333,86,333,5.744106292724609,-0.16938089132308942,False
4,24,0,56,chair,0.3830258548259735,4.948453608247424,5.512348175048828,-0.5638945668014044,0.5638945668014044,10.229661641364107,337,195,337,5.415378570556641,-0.14153662919998133,True
4,24,1,59,bed,0.3359852433204651,4.571428571428573,5.160255432128906,-0.5888268607003333,0.5888268607003333,11.410808407548304,345,22,345,3.4382705688476562,0.371817469596863,False
4,24,2,57,couch,0.27380454540252686,4.571428571428573,5.160255432128906,-0.5888268607003333,0.5888268607003333,11.410808407548304,345,22,345,3.4382705688476562,0.371817469596863,False
4,25,0,59,bed,0.44898396730422974,4.403669724770643,4.992972373962402,-0.589302649191759,0.589302649191759,11.802641894533272,349,2,349,4.902227878570557,-0.1698213711380956,False
4,25,1,57,couch,0.3646116256713867,4.403669724770643,4.992972373962402,-0.589302649191759,0.589302649191759,11.802641894533272,349,2,349,4.902227878570557,-0.1698213711380956,False
4,26,0,57,couch,0.6114612817764282,4.24778761061947,4.8162431716918945,-0.5684555610724242,0.5684555610724242,11.802883301524243,353,2,353,4.730821132659912,-0.17057121247053098,False
4,26,1,59,bed,0.277377188205719,4.24778761061947,4.8162431716918945,-0.5684555610724242,0.5684555610724242,11.802883301524243,353,2,353,4.730821132659912,-0.17057121247053098,False
4,27,0,57,couch,0.44382521510124207,3.9669421487603316,4.4903740882873535,-0.5234319395270219,0.5234319395270219,11.656755745414097,361,2,361,4.414520263671875,-0.1692404747009275,False
4,27,1,57,couch,0.3880917429924011,3.9669421487603316,4.490494251251221,-0.5235521024908891,0.5235521024908891,11.659119758253956,361,2,361,4.414520263671875,-0.1692404747009275,False
4,28,0,56,chair,0.5009138584136963,5.161290322580647,5.788498878479004,-0.6272085558983571,0.6272085558983571,10.835426749934234,333,202,333,5.126622676849365,0.010075284540653318,True
4,28,1,56,chair,0.291946679353714,4.752475247524754,4.783288478851318,-0.030813231326564328,0.030813231326564328,0.6441850928038519,341,146,341,5.241949558258057,-0.15449032932519868,False
4,28,2,59,bed,0.2716600000858307,4.24778761061947,4.427468299865723,-0.17968068924625236,0.17968068924625236,4.058316786857667,353,2,353,4.315281867980957,-0.02383390963077514,True
4,29,0,59,bed,0.40552809834480286,4.102564102564104,4.635725021362305,-0.5331609187982007,0.5331609187982007,11.501133400736531,357,2,357,4.567387580871582,-0.16995108425617178,False
4,29,1,56,chair,0.38559311628341675,3.9669421487603316,4.39405632019043,-0.4271141714300981,0.4271141714300981,9.720270754553912,361,160,361,4.333114147186279,-0.1384587869048115,True
4,29,2,56,chair,0.29706233739852905,4.948453608247424,5.507462978363037,-0.5590093701156134,0.5590093701156134,10.15003409576737,337,200,337,5.438374042510986,-0.14850713163614238,True
4,30,0,57,couch,0.41178616881370544,4.102564102564104,4.588748931884766,-0.48618482932066165,0.48618482932066165,10.595149931660522,357,16,357,4.566765785217285,-0.16972374022006953,False
4,30,1,57,couch,0.28177642822265625,4.13793103448276,4.588498115539551,-0.450567081056791,0.450567081056791,9.81948929064363,356,17,356,4.584987163543701,-0.16205784678459145,False
4,31,0,56,chair,0.48657193779945374,4.403669724770643,4.869573593139648,-0.4659038683690051,0.4659038683690051,9.56765226888407,349,283,349,4.807548999786377,-0.13757137805223452,True
4,31,1,57,couch,0.439596027135849,4.571428571428573,5.185567378997803,-0.6141388075692298,0.6141388075692298,11.843232624005019,345,109,345,5.087139129638672,-0.169217526912689,False
4,31,2,59,bed,0.3334107995033264,4.571428571428573,5.185567378997803,-0.6141388075692298,0.6141388075692298,11.843232624005019,345,109,345,5.087139129638672,-0.169217526912689,False
4,32,0,59,bed,0.5686937570571899,2.5396825396825404,2.7401938438415527,-0.2005113041590123,0.2005113041590123,7.317413131543643,429,2,429,2.7125046253204346,-0.10207304432988118,True
4,32,1,57,couch,0.3939723074436188,4.403669724770643,4.991931915283203,-0.5882621905125598,0.5882621905125598,11.784259090384378,349,94,349,4.902227878570557,-0.1698213711380956,False
4,32,2,59,bed,0.34915730357170105,4.403669724770643,4.991931915283203,-0.5882621905125598,0.5882621905125598,11.784259090384378,349,94,349,4.902227878570557,-0.1698213711380956,False
4,32,3,56,chair,0.3289496898651123,5.161290322580647,5.744007587432861,-0.5827172648522145,0.5827172648522145,10.144785778610805,333,329,333,5.658094882965088,-0.14438382536172845,True
4,33,0,56,chair,0.47399553656578064,5.161290322580647,5.769191265106201,-0.6079009425255544,0.6079009425255544,10.537021821452196,333,373,333,5.682048797607422,-0.15134543180465676,False
4,33,1,57,couch,0.3870844542980194,4.752475247524754,5.3608717918396,-0.6083965443148456,0.6083965443148456,11.348835934501475,341,212,341,5.28288459777832,-0.16741045117378195,False
4,34,0,57,couch,0.29625385999679565,4.948453608247424,5.587618827819824,-0.6391652195724005,0.6391652195724005,11.438955291475919,337,273,337,5.49970006942749,-0.16709658354520762,False
4,35,0,59,bed,0.5868542194366455,2.171945701357467,2.39259934425354,-0.22065364289607325,0.22065364289607325,9.222339855021332,461,0,461,2.371127128601074,-0.13755967319011653,True
4,35,2,59,bed,0.4423619508743286,5.161290322580647,5.804520130157471,-0.6432298075768239,0.6432298075768239,11.08153289425105,333,321,333,5.736445903778076,-0.1671545907855032,False
4,35,3,56,chair,0.3443275988101959,4.752475247524754,5.357619285583496,-0.6051440380587421,0.6051440380587421,11.295017540479009,341,430,341,5.257719993591309,-0.1594678729772565,False
4,36,1,57,couch,0.40847834944725037,4.752475247524754,5.381506443023682,-0.6290311954989276,0.6290311954989276,11.688756710760282,341,328,341,5.282385349273682,-0.16725287586450532,False
4,36,2,59,bed,0.3825151026248932,4.752475247524754,5.381506443023682,-0.6290311954989276,0.6290311954989276,11.688756710760282,341,328,341,5.282385349273682,-0.16725287586450532,False
4,36,3,56,chair,0.3056657314300537,3.9669421487603316,3.029174327850342,0.9377678209099898,0.9377678209099898,30.957869023519624,361,549,361,3.040923833847046,0.35015067532658595,False
4,37,0,59,bed,0.34904807806015015,4.752475247524754,5.1809234619140625,-0.42844821438930847,0.42844821438930847,8.26972676857536,341,326,341,5.291214466094971,-0.17003956586122482,False
4,38,0,59,bed,0.34334561228752136,4.403669724770643,4.905524253845215,-0.5018545290745715,0.5018545290745715,10.230395429829764,349,327,349,4.898649215698242,-0.16860238909721348,False
4,38,1,60,dining table,0.2588990330696106,3.3103448275862077,3.57835054397583,-0.26800571638962234,0.26800571638962234,7.489643988088625,385,490,385,3.6226861476898193,-0.14152966067194916,True
4,39,0,57,couch,0.41794294118881226,4.24778761061947,4.731354713439941,-0.4835671028204711,0.4835671028204711,10.220478744636177,353,327,353,4.72815465927124,-0.1696296140551563,False
4,40,0,57,couch,0.4397008419036865,3.9669421487603316,4.455197811126709,-0.4882556623663774,0.4882556623663774,10.959236448423795,361,328,361,4.415101051330566,-0.16946008503437016,False
4,40,1,59,bed,0.43780168890953064,3.7209302325581404,4.144713401794434,-0.4237831692362932,0.4237831692362932,10.22466762244208,369,190,369,2.4693686962127686,0.5045357443392278,False
4,41,0,57,couch,0.40431126952171326,3.9669421487603316,4.4196367263793945,-0.45269457761906295,0.45269457761906295,10.242800611124308,361,272,361,4.417891502380371,-0.1705152243375776,False
4,41,1,59,bed,0.2521793246269226,3.5036496350364974,3.8784470558166504,-0.374797420780153,0.374797420780153,9.66359512934579,377,118,377,2.2374918460845947,0.5420738033950331,False
4,42,0,56,chair,0.5007297992706299,3.9669421487603316,4.350135803222656,-0.3831936544623247,0.3831936544623247,8.808774525577986,361,380,361,4.3486127853393555,-0.1443192094564434,True
4,42,1,59,bed,0.46746543049812317,3.057324840764332,3.4020509719848633,-0.3447261312205314,0.3447261312205314,10.132891425180716,397,30,397,1.9602038860321045,0.5382749684154989,False
4,42,2,57,couch,0.37715569138526917,3.8400000000000007,4.1963396072387695,-0.3563396072387688,0.3563396072387688,8.491677046921462,365,214,365,4.27667236328125,-0.17057514190673806,False
4,44,0,57,couch,0.7324468493461609,3.3103448275862077,3.6879048347473145,-0.3775600071611067,0.3775600071611067,10.237791485391627,385,72,385,3.6825618743896484,-0.16866084933280923,False
4,44,1,56,chair,0.28626900911331177,3.8400000000000007,4.313007354736328,-0.4730073547363274,0.4730073547363274,10.966996247221662,365,290,365,4.248191833496094,-0.1594499349594114,False
4,45,0,57,couch,0.5073694586753845,2.9090909090909096,3.229898452758789,-0.32080754366787945,0.32080754366787945,9.932434358543517,405,55,405,3.223320722579956,-0.1620247475802894,False
4,48,0,60,dining table,0.28096088767051697,2.388059701492538,1.9603869915008545,0.4276727099916835,0.4276727099916835,21.8157288252694,441,242,441,1.925646185874939,0.2904534894973041,False
4,49,0,61,toilet,0.5994518995285034,3.8400000000000007,4.281988143920898,-0.4419881439208977,0.4419881439208977,10.322031006750553,365,198,365,1.9116911888122559,0.7532456293702127,False
4,49,1,60,dining table,0.27824461460113525,2.171945701357467,2.3915419578552246,-0.21959625649775782,0.21959625649775782,9.182203798535713,461,121,461,2.3738110065460205,-0.13941322639584497,True
4,50,0,61,toilet,0.3276289999485016,3.609022556390978,4.0450825691223145,-0.4360600127313363,0.4360600127313363,10.780002763353997,373,130,373,1.7706629037857056,0.7640682306140663,False
4,51,0,61,toilet,0.6621174812316895,3.137254901960785,1.5583648681640625,1.5788900337967227,1.5788900337967227,101.31709627520296,393,42,393,1.5363202095031738,0.7654468998312951,False
4,58,0,56,chair,0.29109618067741394,2.711864406779662,2.948237419128418,-0.23637301234875618,0.23637301234875618,8.017434783750717,417,52,417,2.928399085998535,-0.11977074444293945,True
4,59,0,56,chair,0.4153841435909271,2.8402366863905333,3.173178195953369,-0.33294150956283586,0.33294150956283586,10.492367242010651,409,157,409,3.1057727336883545,-0.140236224979162,True
4,60,0,56,chair,0.4277115762233734,2.98136645962733,2.902010202407837,0.07935625721949302,0.07935625721949302,2.734527161677449,401,204,401,2.891655206680298,0.04513597413897541,True
4,60,1,60,dining table,0.3109787702560425,2.171945701357467,2.4049460887908936,-0.23300038743342677,0.23300038743342677,9.688382975377616,461,125,461,2.3848111629486084,-0.14701020941138232,True
4,61,0,56,chair,0.36858344078063965,2.388059701492538,2.6311275959014893,-0.24306789440895127,0.24306789440895127,9.2381644579905,441,185,441,2.613584518432617,-0.14165777564048754,True
4,61,1,56,chair,0.35967817902565,3.3103448275862077,3.6875803470611572,-0.3772355194749495,0.3772355194749495,10.229892882892436,385,252,385,3.6560797691345215,-0.15666114538907983,False
4,61,2,56,chair,0.25608766078948975,3.057324840764332,3.0398218631744385,0.017502977589893387,0.017502977589893387,0.5757895816834248,397,262,397,3.374509334564209,-0.15561864227056477,False
4,62,0,56,chair,0.43383297324180603,3.057324840764332,3.387899160385132,-0.3305743196208,0.3305743196208,9.757501742856501,397,274,397,3.3695616722106934,-0.15319119542837112,False
4,62,1,56,chair,0.26194295287132263,2.171945701357467,2.38010835647583,-0.2081626551183633,0.2081626551183633,8.74593186280749,461,180,461,2.379129648208618,-0.14308641329407656,True
4,63,0,56,chair,0.621127188205719,2.98136645962733,3.318871021270752,-0.337504561643422,0.337504561643422,10.16925814472284,401,333,401,3.2637016773223877,-0.142049906402826,True
4,63,1,56,chair,0.33442384004592896,2.2966507177033497,2.358510971069336,-0.06186025336598622,0.06186025336598622,2.6228520505011312,449,244,449,2.5172369480133057,-0.1440703816711899,True
4,64,0,56,chair,0.6500697731971741,2.98136645962733,3.3175899982452393,-0.3362235386179093,0.3362235386179093,10.134571746229849,401,387,401,3.286203622817993,-0.1533711977303025,False
4,65,0,56,chair,0.547332227230072,2.6519337016574593,2.9350078105926514,-0.283074108935192,0.283074108935192,9.644748062119545,421,397,421,2.9033145904541016,-0.14218731522560102,True
4,65,1,56,chair,0.37635695934295654,2.77456647398844,2.232816696166992,0.541749777821448,0.541749777821448,24.26306551502652,413,296,413,2.22727370262146,0.2958801545202734,False
4,66,0,56,chair,0.6349899172782898,2.4870466321243527,2.729987144470215,-0.24294051234586211,0.24294051234586211,8.898961771228688,433,437,433,2.4218177795410156,0.03934115171432517,True
4,66,1,56,chair,0.42126601934432983,2.1333333333333337,2.160447120666504,-0.02711378733317016,0.02711378733317016,1.2550081450179387,465,353,465,2.3360323905944824,-0.14252277463674523,True
4,67,0,56,chair,0.38998883962631226,2.0960698689956336,2.288912296295166,-0.19284242729953238,0.19284242729953238,8.42506843148456,469,405,469,2.29008412361145,-0.13884145095944378,True
4,67,1,59,bed,0.25906577706336975,2.8235294117647065,3.1576502323150635,-0.33412082055035697,0.33412082055035697,10.581311924006,410,2,410,3.122070789337158,-0.15860010683536485,False
4,68,0,56,chair,0.7521434426307678,2.06896551724138,2.29909086227417,-0.23012534503279003,0.23012534503279003,10.00940627484201,472,557,472,2.274221181869507,-0.14881035685539223,True
4,68,1,59,bed,0.5276395678520203,2.711864406779662,3.030898094177246,-0.3190336873975843,0.3190336873975843,10.526044673375525,417,0,417,3.0006768703460693,-0.1597493939101693,False
4,69,0,56,chair,0.4756945073604584,2.0083682008368204,1.6462942361831665,0.36207396465365393,0.36207396465365393,21.993271718736043,479,436,479,2.212937355041504,-0.15278758704662287,False
4,69,1,61,toilet,0.2933036684989929,2.0083682008368204,2.2360901832580566,-0.2277219824212362,0.2277219824212362,10.183935519516382,479,595,479,2.216299057006836,-0.15529835820198024,False
4,70,0,60,dining table,0.48375579714775085,2.0083682008368204,1.2588168382644653,0.7495513625723551,0.7495513625723551,59.54411633115457,479,454,479,1.4379711151123047,0.42601532340049775,False
4,70,1,56,chair,0.3234216272830963,2.4365482233502544,1.443004846572876,0.9935433767773785,0.9935433767773785,68.85239361025262,437,614,437,1.429931402206421,0.6196984805166723,False
4,71,0,56,chair,0.28030556440353394,3.609022556390978,2.6497020721435547,0.9593204842474234,0.9593204842474234,36.20484334192911,373,637,373,2.659320116043091,0.39472007676959064,False
4,73,0,60,dining table,0.2694705128669739,2.0083682008368204,1.199228286743164,0.8091399140936564,0.8091399140936564,67.4717168564377,479,438,479,2.2351369857788086,-0.1693679362535474,False
4,90,0,56,chair,0.25968682765960693,2.253521126760564,1.5054678916931152,0.7480532350674487,0.7480532350674487,49.689085977526574,453,637,453,1.8254741430282593,0.28491877354681505,False
4,92,0,56,chair,0.2543838620185852,2.0083682008368204,1.4698694944381714,0.538498706398649,0.538498706398649,36.6358175631422,479,450,479,1.208214282989502,0.5976149573922159,False
4,93,0,57,couch,0.37918171286582947,2.0083682008368204,2.099088430404663,-0.09072022956784265,0.09072022956784265,4.321886979785486,479,290,479,2.151057004928589,-0.10657070055603945,True
4,94,0,57,couch,0.3688722550868988,2.0083682008368204,1.3282599449157715,0.680108255921049,0.680108255921049,51.202948528586134,479,524,479,1.388592004776001,0.4628953464329244,False
4,95,0,75,vase,0.4615190029144287,7.384615384615387,1.658926248550415,5.725689136064972,5.725689136064972,345.14428480881116,305,400,305,1.6652655601501465,1.1617429330945015,False
4,95,1,57,couch,0.265135258436203,2.0083682008368204,1.1206738948822021,0.8876943059546183,0.8876943059546183,79.210759705251,479,557,479,1.1622953414916992,0.6319106668233874,False
4,96,0,75,vase,0.43422532081604004,5.393258426966294,1.3981096744537354,3.9951487525125584,3.9951487525125584,285.75360184625924,329,435,329,1.4040474891662598,1.1094992920756341,False
