episode,step,latency_ms,fps,detections,avg_confidence
1,0,13.793178999549127,72.49960288579508,2,0.3111199885606766
1,1,7.590769000671571,131.738958188759,3,0.34691523512204486
1,2,7.176373999755015,139.34613776179137,3,0.4628522992134094
1,3,7.212017000711057,138.65746571332355,3,0.3398570815722148
1,4,6.899623000208521,144.93545516469203,3,0.4063595235347748
1,5,6.894258000102127,145.0482415925233,3,0.5743920107682546
1,6,7.028296000498813,142.28199835764286,3,0.41820216178894043
1,7,6.81049000013445,146.83231309057913,3,0.36695244908332825
1,8,6.637124000917538,150.66766868627988,2,0.387471079826355
1,9,7.7309230000537354,129.35066097451096,1,0.34720686078071594
1,10,6.200837000505999,161.26855131305635,0,0.0
1,11,6.2568989997089375,159.8235803465133,0,0.0
1,12,5.928100999881281,168.6880840964124,0,0.0
1,13,6.45701299981738,154.87037118065,1,0.337360680103302
1,14,5.8759029998327605,170.18660791855515,0,0.0
1,15,5.923149001318961,168.82911434058488,0,0.0
1,16,5.84437900033663,171.10457756801895,0,0.0
1,17,5.816779999804567,171.91642111848793,0,0.0
1,18,5.817513001602492,171.89475979246458,0,0.0
1,19,5.9193720007897355,168.93683989899344,0,0.0
1,20,5.93533400024171,168.48251504620904,0,0.0
1,21,5.96977299937862,167.51055695151018,0,0.0
1,22,6.497582999145379,153.9033822471416,1,0.26238808035850525
1,23,5.876328999875113,170.17427036866937,0,0.0
1,24,5.853754000781919,170.8305473490045,0,0.0
1,25,5.404285000622622,185.03835380347095,0,0.0
1,26,5.207198999414686,192.04182519477453,0,0.0
1,27,5.143607999343658,194.41605972453644,0,0.0
1,28,5.164407999473042,193.6330359843832,0,0.0
1,29,5.871067000043695,170.32679068260634,1,0.3087751567363739
1,30,6.156371000543004,162.43335561027723,1,0.44245463609695435
1,31,6.201271000463748,161.2572648292934,2,0.3231503665447235
1,32,6.60453700038488,151.41106786769836,2,0.4191948026418686
1,33,6.399460000466206,156.26318469482567,1,0.4196910262107849
1,34,6.1241109997354215,163.28900636242597,0,0.0
1,35,5.627570000797277,177.69659015495614,0,0.0
1,36,5.621013999189017,177.9038444210025,0,0.0
1,37,5.35282600139908,186.81720641370143,0,0.0
1,38,5.331328999091056,187.57049136725402,0,0.0
1,39,5.327920000127051,187.69050585897568,0,0.0
1,40,5.1692050001292955,193.45334533549885,0,0.0
1,41,5.1899489990319125,192.68012078471892,0,0.0
1,42,5.438203001176589,183.88427202582247,0,0.0
1,43,5.3415500005939975,187.2115771431133,0,0.0
1,44,5.303822999849217,188.54324513250708,0,0.0
1,45,5.895670999962022,169.6159775547926,1,0.5377334356307983
1,46,5.969150999590056,167.5280119515618,1,0.37443655729293823
1,47,5.500379000295652,181.8056537460871,0,0.0
1,48,6.278644001213252,159.27005891825772,2,0.5174386650323868
1,49,5.410784999185125,184.8160664581206,0,0.0
1,50,5.289279999487917,189.06164924088256,0,0.0
1,51,6.072913000025437,164.6656225761527,2,0.5107168704271317
1,52,6.482843000412686,154.25331138457955,1,0.7208051085472107
1,53,5.2573449993360555,190.21007754413853,0,0.0
1,54,5.158926998774405,193.83875760164233,0,0.0
1,55,5.741708000641665,174.16420338481944,1,0.43570947647094727
1,56,5.34230499943078,187.1851195516822,0,0.0
1,57,5.222520001552766,191.47844329991628,0,0.0
1,58,5.243699999482487,190.7050365388356,0,0.0
1,59,5.312605999279185,188.23153837037418,0,0.0
1,60,5.4235539992077975,184.3809428551955,0,0.0
1,61,6.04208199911227,165.50586373156216,1,0.3083260953426361
1,62,5.37744999928691,185.9617476931645,0,0.0
1,63,6.33989699963422,157.7312691448607,1,0.30182063579559326
1,64,5.379850999815972,185.87875389749772,0,0.0
1,65,5.517596999197849,181.23831808401022,0,0.0
1,66,6.374072001563036,156.88558267851104,1,0.25105658173561096
1,67,5.3470790007850155,187.017996153262,0,0.0
1,68,5.271092000839417,189.7140098941075,0,0.0
1,69,5.176786000447464,193.17004796287955,0,0.0
1,70,5.952976000116905,167.98320705145827,1,0.39538538455963135
1,71,5.185936999623664,192.82918401680712,0,0.0
1,72,6.241733000933891,160.21191548090562,3,0.3495529890060425
1,73,5.966333999822382,167.6071101667741,0,0.0
1,74,6.383882000591257,156.64449936690292,3,0.43689732750256854
1,75,6.080917999497615,164.44885461086906,3,0.32488275567690533
1,76,6.036249000317184,165.66579674686272,2,0.5177852213382721
1,77,5.8967629993276205,169.58456700973485,2,0.4334358274936676
1,78,6.131301999630523,163.09749545206887,3,0.5118160843849182
1,79,5.170029000510112,193.4225126979622,0,0.0
1,80,5.184354000448366,192.8880627969301,0,0.0
1,81,5.951942001047428,168.01238987611424,1,0.27762308716773987
1,82,5.867877000127919,170.41938676938867,1,0.27712780237197876
1,83,6.228209000255447,160.55980137451803,4,0.31470172107219696
1,84,5.970573000013246,167.48811211215096,3,0.3129015068213145
1,85,6.699198000205797,149.27159937193682,5,0.41403648853302
1,86,6.205274001331418,161.15323832363208,3,0.5796630680561066
1,87,5.985522000628407,167.0698060912669,3,0.5078541239102682
1,88,6.162604000564897,162.26906676274098,3,0.7137493093808492
1,89,6.272195001656655,159.43381858119417,4,0.6320950761437416
1,90,5.961193999610259,167.75162829214744,2,0.8870438933372498
1,91,6.072336000215728,164.6812692783261,4,0.6061705499887466
1,92,6.388957001036033,156.52007046499764,4,0.626232922077179
1,93,6.1662790012633195,162.17235707225126,3,0.7583415309588114
1,94,6.094316999224247,164.08729643162494,3,0.7097568412621816
1,95,6.0165670001879334,166.20773939171025,3,0.6935572624206543
1,96,6.1412699997163145,162.83276912531014,3,0.6370294392108917
1,97,6.785879999370081,147.36482226223097,3,0.6561690966288248
1,98,5.869587001143373,170.3697380761549,1,0.6881265640258789
1,99,5.829300000186777,171.54718404747723,2,0.4374493807554245
1,100,5.192189000808867,192.59699518723505,0,0.0
1,101,5.754271000114386,173.78395977181498,2,0.5806038081645966
1,102,6.048289998943801,165.33598755592536,2,0.5464058667421341
1,103,5.693088000043645,175.65159716349612,1,0.26303941011428833
1,104,5.127892000018619,195.01190742635941,0,0.0
1,105,5.20868500098004,191.98703699913605,0,0.0
1,106,5.251112999758334,190.43581809152116,0,0.0
1,107,5.086412998934975,196.6022028115661,0,0.0
1,108,5.128814000272541,194.97685038819125,0,0.0
1,109,5.105271000502398,195.87598775884615,0,0.0
1,110,5.238423000264447,190.89714594440306,0,0.0
1,111,5.252920000202721,190.3703083164046,0,0.0
2,0,7.355870999163017,135.94583158320535,0,0.0
2,1,6.456588000219199,154.8805653955387,1,0.25240617990493774
2,2,5.405109999628621,185.01011081526718,0,0.0
2,3,5.250662999969791,190.45213909286377,0,0.0
2,4,5.710112000087975,175.12791342526964,1,0.3011775612831116
2,5,5.172346998733701,193.33582999068332,0,0.0
2,6,5.205675999604864,192.09800995603737,0,0.0
2,7,5.105042000650428,195.8847742824821,0,0.0
2,8,5.359331998988637,186.59041839332042,0,0.0
2,9,5.194692999793915,192.504157616181,0,0.0
2,10,5.90606199875765,169.31755884214417,1,0.5670026540756226
2,11,5.765100000644452,173.457528904653,0,0.0
2,12,5.978372000754462,167.26961786148496,1,0.3375399708747864
2,13,6.081022998841945,164.446015117923,1,0.3315689265727997
2,14,5.205478000789299,192.10531671603866,0,0.0
2,15,5.183002998819575,192.93834100187658,0,0.0
2,16,5.963940000583534,167.67438973265263,2,0.45774056017398834
2,17,6.115633999797865,163.51534444884246,3,0.4198862910270691
2,18,5.73387100121181,174.4022493335929,1,0.25165489315986633
2,19,6.140625000625732,162.84987275694243,4,0.2920590564608574
2,20,5.672168999808491,176.29940152237404,1,0.6222060322761536
2,21,5.833296001583221,171.4296685319224,1,0.7596134543418884
2,22,5.783092999990913,172.91784863248287,1,0.678462028503418
2,23,5.9613939993141685,167.74600036753912,1,0.5226773619651794
2,24,6.494458000815939,153.97743735880096,4,0.3967417925596237
2,25,5.759640000178479,173.6219624783862,1,0.2909269630908966
2,26,5.275788000290049,189.5451447148791,0,0.0
2,27,5.871053999726428,170.3271678384489,1,0.32779961824417114
2,28,5.261057998723118,190.07583650336196,0,0.0
2,29,6.4512780008954,155.00804644617793,2,0.4149632602930069
2,30,5.305320999468677,188.4900084462654,0,0.0
2,31,5.755904998295591,173.73462562292374,1,0.46790486574172974
2,32,5.903425999349565,169.3931625652933,1,0.2573254108428955
2,33,6.213509001099737,160.93965580849866,2,0.5244928300380707
2,34,6.023081999956048,166.02795711685434,1,0.4065614342689514
2,35,5.740761998822563,174.19290334716908,1,0.525880753993988
2,36,5.892855999263702,169.69700262910678,1,0.49782994389533997
2,37,6.835505000708508,146.29497014431982,3,0.4086537758509318
2,38,6.371004001266556,156.9611319975941,3,0.4539572397867839
2,39,6.190440000864328,161.53940590012616,4,0.49966534972190857
2,40,6.387863999407273,156.54685198257033,5,0.4066518545150757
2,41,6.179717000122764,161.81970792192172,3,0.5290926893552145
2,42,6.1115689986763755,163.62410376395601,2,0.552956223487854
2,43,5.821762000778108,171.76930281010198,2,0.5323438346385956
2,44,6.07424100053322,164.62962202392302,2,0.5784042477607727
2,45,6.026279999787221,165.93985012898648,3,0.525591105222702
2,46,6.027490999258589,165.9065107061968,2,0.8113387525081635
2,47,6.049579000318772,165.3007589366643,3,0.6039541065692902
2,48,6.188172001202474,161.59861099621693,3,0.5471813877423605
2,49,6.113831999755348,163.5635392074915,3,0.6064415772755941
2,50,5.998230000841431,166.71584781839312,3,0.6036116381486257
2,51,5.9710559999075485,167.4745639658183,3,0.7422304749488831
2,52,6.046069000149146,165.39672305680463,2,0.774528294801712
2,53,5.8793560001504375,170.0866557450191,2,0.6456349045038223
2,54,6.05847200131393,165.05812022951085,3,0.28817225495974225
2,55,5.194948000280419,192.49470831007756,0,0.0
2,56,6.04816099985328,165.33951394882817,1,0.5677627325057983
2,57,6.196643000293989,161.37770078937206,1,0.7170049548149109
2,58,5.771654999989551,173.26052925925242,1,0.7852344512939453
2,59,5.910882000534912,169.1794896107728,2,0.40499600768089294
2,60,5.9356579986342695,168.47331841391286,1,0.7313603162765503
2,61,6.244425001568743,160.142847379667,3,0.32557472586631775
2,62,5.935318000410916,168.48296922435622,1,0.7425516843795776
2,63,6.764727000700077,147.8256254681838,2,0.5739217847585678
2,64,5.537307999475161,180.5931691166145,0,0.0
2,65,6.020734001140227,166.09270560875413,1,0.33894455432891846
2,66,5.905617999815149,169.33028855427168,2,0.30764591693878174
2,67,5.315165000865818,188.14091375095677,0,0.0
2,68,5.1468820001900895,194.29238905478445,0,0.0
2,69,5.19966699903307,192.32000822090336,0,0.0
2,70,5.3350549987953855,187.43949223125017,0,0.0
2,71,5.2117809991614195,191.8729893218654,0,0.0
2,72,5.220959999860497,191.53565628289047,0,0.0
2,73,5.3671969999413704,186.31699190674829,0,0.0
2,74,5.342662001567078,187.17261165065017,0,0.0
2,75,5.1822800014633685,192.96525848036399,0,0.0
2,76,5.287466001391294,189.12651159116095,0,0.0
2,77,6.137339998531388,162.93703790881574,2,0.41537217795848846
2,78,5.865795999852708,170.47984621782115,1,0.7585018277168274
2,79,5.8996170009777416,169.50252869538318,2,0.4520476162433624
2,80,6.049329998859321,165.30756301748505,3,0.47234635551770526
2,81,6.064920000426355,164.8826365277203,3,0.36998725930849713
2,82,5.849773000591085,170.9468042433366,2,0.6013873219490051
2,83,6.711873000313062,148.9897082309747,1,0.5885004997253418
2,84,5.449037998914719,183.51863213271213,0,0.0
2,85,5.347379001250374,187.00750400638717,0,0.0
2,86,5.195681998884538,192.46751441190784,0,0.0
2,87,5.292643998473068,188.9414818545326,0,0.0
3,0,8.338685000126134,119.92298545692441,2,0.2771391123533249
3,1,5.8311220000177855,171.49358219515042,0,0.0
3,2,5.329095998604316,187.6490872489253,0,0.0
3,3,5.210260000239941,191.9290016148807,0,0.0
3,4,5.241856999418815,190.7720870887691,0,0.0
3,5,5.9377149991632905,168.41495426117865,1,0.37709465622901917
3,6,8.138934999806224,122.86619809886778,3,0.3100554347038269
3,7,5.541648999496829,180.4517031105359,0,0.0
3,8,5.936867000855273,168.43900997882196,0,0.0
3,9,7.008586999290856,142.68211268565008,1,0.5062214732170105
3,10,5.907467999350047,169.27726059794523,0,0.0
3,11,5.961920000117971,167.73120068370804,0,0.0
3,12,5.919183000514749,168.94223407403302,0,0.0
3,13,5.9058169990748866,169.32458289118077,0,0.0
3,14,5.841976999363396,171.1749293276866,0,0.0
3,15,5.866419000085443,170.46174164945177,0,0.0
3,16,5.946133000179543,168.17652749607268,0,0.0
3,17,5.907906999709667,169.26468206915632,0,0.0
3,18,5.953140000201529,167.97857936587204,0,0.0
3,19,5.925044999457896,168.77508948733617,0,0.0
3,20,5.89953499911644,169.5048847324014,0,0.0
3,21,6.479676998424111,154.32868030971372,1,0.283565491437912
3,22,6.86173799840617,145.73567224984077,2,0.4964288920164108
3,23,6.426803998692776,155.59833475603145,1,0.7367205619812012
3,24,6.397558001481229,156.30964186154617,1,0.40942487120628357
3,25,6.464009999035625,154.7027309903901,1,0.4998616874217987
3,26,6.129269000666682,163.15159277415134,0,0.0
3,27,6.478076000348665,154.3668212515842,1,0.3921174705028534
3,28,6.493270999271772,154.00558518382357,1,0.7183575630187988
3,29,6.97696499992162,143.3287969785192,1,0.4112323224544525
3,30,5.43224900138739,184.0858178158993,0,0.0
3,31,5.447301000458538,183.57715131141512,0,0.0
3,32,5.150594000951969,194.15236374972923,0,0.0
3,33,5.10177899923292,196.0100584816307,0,0.0
3,34,5.1696089994948125,193.43822716528902,0,0.0
3,35,5.318527999406797,188.02194895120138,0,0.0
3,36,5.169050000404241,193.45914624965826,0,0.0
3,37,5.467651000799378,182.8938971879878,0,0.0
3,38,5.378228999688872,185.93481238114805,0,0.0
3,39,5.259261000901461,190.1407821039107,0,0.0
3,40,5.478842998854816,182.5202876244162,0,0.0
3,41,5.814672998894821,171.97871663463573,0,0.0
3,42,5.3931259990349645,185.42121956337346,0,0.0
3,43,6.0975529995630495,164.00021452403283,1,0.5227727293968201
3,44,6.005130000630743,166.52428838259388,1,0.2943371832370758
3,45,5.7454889993096,174.0495891855617,1,0.2774274945259094
3,46,5.225730999882217,191.3607876146972,0,0.0
3,47,5.801332001283299,172.37420643721,1,0.3329806923866272
3,48,5.661823000991717,176.62155807852724,1,0.2820194959640503
3,49,5.858202999661444,170.70081048024315,1,0.29023200273513794
3,50,6.341070999042131,157.70206644130903,6,0.45627282559871674
3,51,5.952041001364705,168.0095953254886,2,0.34309227764606476
3,52,6.336935000945232,157.8049956092082,3,0.29447351892789203
3,53,5.884229000002961,169.94579918618,1,0.28727608919143677
3,54,5.753929001002689,173.79428905461614,1,0.33261412382125854
3,55,5.177826000362984,193.1312485065926,0,0.0
3,56,5.2610259990615305,190.07699262052336,0,0.0
3,57,6.562119000591338,152.38979968359095,1,0.2580206096172333
3,58,5.813636000311817,172.009393079712,1,0.2761490046977997
3,59,5.205293000472011,192.11214429414846,0,0.0
3,60,5.197164999117376,192.4125942066161,0,0.0
3,61,5.190707999645383,192.65194652989874,0,0.0
3,62,5.2770740003325045,189.4989533853402,0,0.0
3,63,5.279068998788716,189.42734035668983,0,0.0
3,64,5.975276000754093,167.35628611528534,1,0.3158266246318817
3,65,5.154570000740932,194.00260348705268,0,0.0
3,66,5.367811001633527,186.295679876896,0,0.0
3,67,6.091420998927788,164.16530727001467,1,0.254077285528183
3,68,5.478824999954668,182.52088723554303,0,0.0
3,69,6.23187000019243,160.46547825437978,1,0.295022577047348
3,70,5.386797998653492,185.63903830252488,0,0.0
3,71,5.160992001037812,193.76119935836218,0,0.0
3,72,5.162641999049811,193.6992726174023,0,0.0
3,73,5.247922999842558,190.55157631504898,0,0.0
3,74,5.393157000071369,185.42015372197892,0,0.0
3,75,5.234248999840929,191.04937499732824,0,0.0
3,76,5.120989000715781,195.27477990291055,0,0.0
3,77,5.152044999704231,194.09768355233857,0,0.0
3,78,5.160413000339759,193.78293945352058,0,0.0
3,79,5.115564999869093,195.48182850292977,0,0.0
3,80,5.273879000014858,189.61375488462718,0,0.0
3,81,5.217143001573277,191.6757887791155,0,0.0
4,0,7.504072000301676,133.26098149908455,0,0.0
4,1,6.161395000162884,162.3009075012337,0,0.0
4,2,6.370260000039707,156.97946394554805,0,0.0
4,3,7.009803999608266,142.65734106914883,1,0.3160160481929779
4,4,5.60913499975868,178.28060833676184,0,0.0
4,5,5.293191999953706,188.92192083883336,0,0.0
4,6,5.1949249991594115,192.49556060228196,0,0.0
4,7,5.166395998458029,193.55852712383287,0,0.0
4,8,5.177345999982208,193.14915402668404,0,0.0
4,9,5.6436560007568914,177.19010511375717,1,0.31853628158569336
4,10,6.055826001102105,165.13023984143686,2,0.31213991343975067
4,11,6.241863000468584,160.20857874082287,2,0.3819844573736191
4,12,5.834220999531681,171.4024888807385,1,0.25239232182502747
4,13,6.050468999092118,165.27644388394546,3,0.36706577738126117
4,14,6.487570999524905,154.1408949625725,3,0.30764883756637573
4,15,5.220226999881561,191.56255082828554,0,0.0
4,16,6.033228999513085,165.74872262940883,3,0.36899951100349426
4,17,5.693097999028396,175.65128866052603,1,0.5700613856315613
4,18,6.198962999405921,161.3173042161786,2,0.3730931580066681
4,19,6.270253999900888,159.48317245454598,2,0.28847233951091766
4,20,6.275085999732255,159.36036574521336,1,0.3133383095264435
4,21,6.297457999608014,158.79423095195637,2,0.5002937465906143
4,22,6.177018000016687,161.89041378822247,2,0.43921928107738495
4,23,6.108634999691276,163.7026929994244,2,0.7276514172554016
4,24,6.32937599948491,157.99345781975677,3,0.5210638145605723
4,25,6.727276999299647,148.64855425220432,3,0.39435991644859314
4,26,6.504176000817097,153.74737705043245,3,0.4164973795413971
4,27,6.585393999557709,151.85120283876142,2,0.5189949572086334
4,28,7.000096000410849,142.85518369195339,3,0.568233331044515
4,29,6.612220999159035,151.23511451404656,3,0.5974602599938711
4,30,6.230580998817459,160.49867583613732,3,0.6057098209857941
4,31,6.220698000106495,160.75366461816353,3,0.5876973271369934
4,32,6.022581001161598,166.04176843900086,3,0.6371800303459167
4,33,6.1319260003074305,163.0808982283648,4,0.5767346546053886
4,34,5.925319999732892,168.7672564595801,2,0.70189368724823
4,35,5.904051999095827,169.37520200586724,2,0.5438679456710815
4,36,5.845637999300379,171.0677260753544,2,0.686142086982727
4,37,6.508518001282937,153.64480820409244,2,0.7556803524494171
4,38,6.1400699996738695,162.8645927575932,3,0.5030945340792338
4,39,6.205822999618249,161.1389818983743,2,0.5798870474100113
4,40,5.855929000972537,170.76709772845993,1,0.7726311683654785
4,41,5.821655999170616,171.77243041197647,1,0.6147843599319458
4,42,5.847718999575591,171.00684900772026,1,0.4440968632698059
4,43,5.958129999271478,167.83789546758356,1,0.7673082947731018
4,44,5.849420000231476,170.9571205282622,1,0.6264773011207581
4,45,5.816595001306268,171.92188897033813,1,0.6428234577178955
4,46,5.9348120012145955,168.4973340006969,2,0.5452481955289841
4,47,6.131289001132245,163.0978412231642,3,0.5416592260201772
4,48,6.179054998938227,161.83704468916918,4,0.39159852266311646
4,49,6.436485000449466,155.36430208882163,3,0.4876640538374583
4,50,6.426989999454236,155.5938316513512,3,0.4285884002844493
4,51,6.157618001452647,162.40046065931492,3,0.43336497743924457
4,52,6.132092999905581,163.0764569316541,3,0.42414570848147076
4,53,5.700183999579167,175.43293340597916,1,0.3557453751564026
4,54,5.8720739998534555,170.29758140393943,1,0.5091008543968201
4,55,6.212873999174917,160.95610503815178,1,0.4942367374897003
4,56,5.400037000072189,185.18391632994957,0,0.0
4,57,5.230505001236452,191.18612825408016,0,0.0
4,58,6.027998000718071,165.89255667982593,2,0.4185076653957367
4,59,5.474999999933061,182.6484018287171,0,0.0
4,60,6.010622999383486,166.37210487208577,1,0.47272151708602905
4,61,5.277609001495875,189.47974351956765,0,0.0
4,62,6.210933999682311,161.0063800470509,3,0.34295767545700073
4,63,6.215479001184576,160.8886458806176,3,0.4471278687318166
4,64,6.254075999095221,159.89572242880809,5,0.40026211738586426
4,65,5.770148998635705,173.30575003114134,1,0.7736762762069702
4,66,5.780069999673287,173.00828537656534,1,0.8106733560562134
4,67,6.0639439998340094,164.90917462749877,2,0.5637196153402328
4,68,5.847019001521403,171.02732174118103,1,0.8454505801200867
4,69,6.082498999603558,164.40611006515206,2,0.5467831194400787
4,70,5.907374999878812,169.2799255203055,1,0.7964614629745483
4,71,5.941900000834721,168.29633616511882,1,0.5428422093391418
4,72,5.950900000243564,168.04180879515218,2,0.41910266876220703
4,73,5.857287998878746,170.7274766396033,1,0.264096200466156
4,74,5.222144000072149,191.49223000862943,0,0.0
4,75,5.352954000045429,186.812739282182,0,0.0
4,76,5.23133900060202,191.1556486560937,0,0.0
4,77,5.235636999714188,190.99872662191623,0,0.0
4,78,5.146034000063082,194.3244059381927,0,0.0
4,79,5.129904999193968,194.93538382428605,0,0.0
4,80,5.203632999837282,192.17342960798157,0,0.0
4,81,6.887752999318764,145.18522950792595,1,0.41603389382362366
4,82,5.87105499835161,170.32713886699503,0,0.0
4,83,6.642530999670271,150.54502569120703,1,0.7444491386413574
4,84,6.1445669998647645,162.74539768579444,2,0.550267368555069
4,85,5.7470249994366895,174.00307117126127,1,0.6263795495033264
4,86,5.886569999347557,169.87821432699107,2,0.596517339348793
4,87,6.003075999615248,166.58126601497173,3,0.3774200876553853
4,88,6.485477999376599,154.19063947115734,4,0.34549733996391296
4,89,8.2913140013261,120.60814484170561,2,0.5750871300697327
4,90,6.390088999978616,156.49234306491607,1,0.6363198161125183
4,91,5.4721659998904215,182.7429942768594,0,0.0
4,92,5.335730998922372,187.4157449470306,0,0.0
4,93,5.715652998333098,174.95813694281966,1,0.25034329295158386
4,94,5.246613998679095,190.5991178790289,0,0.0
4,95,5.176319000383955,193.1874754870835,0,0.0
5,0,7.688280000365921,130.06810365288536,0,0.0
5,1,5.782546000773436,172.93420577479995,0,0.0
5,2,6.319064999843249,158.25126027739958,1,0.25321125984191895
5,3,5.554269000640488,180.04169403474793,0,0.0
5,4,5.861819001438562,170.5955096454851,1,0.2990592122077942
5,5,5.620841000563814,177.90931995758146,0,0.0
5,6,5.9428999993542675,168.26801731623553,0,0.0
5,7,5.959961999906227,167.7863046804214,0,0.0
5,8,5.9187240003666375,168.95533563282467,0,0.0
5,9,6.480258000010508,154.31484363714816,1,0.41167640686035156
5,10,5.90765100059798,169.27201689788018,0,0.0
5,11,7.202480001069489,138.841065834478,1,0.40222930908203125
5,12,6.925346999196336,144.39709665321416,2,0.4127219021320343
5,13,6.652055999438744,150.32946206171044,2,0.4565262645483017
5,14,7.215933999759727,138.58219878858336,3,0.43391986687978107
5,15,6.728669999574777,148.61778034339562,3,0.4420830011367798
5,16,6.954714001039974,143.78736492262152,3,0.43182940284411114
5,17,6.679829999484355,149.70440865668652,2,0.4695867449045181
5,18,6.757471999662812,147.9843349776216,3,0.30976101756095886
5,19,6.439286000386346,155.2967207761857,1,0.37643057107925415
5,20,6.395726999471663,156.35439099927308,1,0.2765716314315796
5,21,6.393039999238681,156.4201068848444,1,0.5168417096138
5,22,6.633151000642101,150.75791277828563,2,0.48163388669490814
5,23,5.86300099894288,170.56111711055541,0,0.0
5,24,6.389407999449759,156.50902244560336,1,0.31163692474365234
5,25,6.660500001089531,150.13887843801803,3,0.34153000513712567
5,26,6.241086000954965,160.2285243060242,4,0.3865414559841156
5,27,6.2152589998731855,160.8943408505428,4,0.4070192724466324
5,28,5.954864998784615,167.92991952027452,1,0.5094092488288879
5,29,5.257815999357263,190.19303834942954,0,0.0
5,30,5.760043999543996,173.6097849389982,1,0.2723338007926941
5,31,5.738325000493205,174.2668809999522,1,0.4823167324066162
5,32,6.017112000336056,166.19268511939782,3,0.3339960177739461
5,33,5.74195799890731,174.15662047515835,1,0.286182701587677
5,34,5.814292999275494,171.989956495933,1,0.4991162121295929
5,35,6.375666000167257,156.84635926250942,3,0.3850379188855489
5,36,6.053946999600157,165.1814923497095,2,0.442033976316452
5,37,6.181961000038427,161.76096872720225,3,0.42933542529741925
5,38,6.221781999556697,160.72565706597405,1,0.4174639880657196
5,39,5.968457999188104,167.54746370604119,2,0.30511733889579773
5,40,5.764973999248468,173.46132005631972,1,0.3568805754184723
5,41,5.731543998990674,174.47305650555947,1,0.2784126102924347
5,42,5.2088219999859575,191.98198748252406,0,0.0
5,43,5.733361998863984,174.41773259705934,1,0.30050015449523926
5,44,5.779139000878786,173.03615639768108,1,0.3743934631347656
5,45,5.677539000316756,176.1326518310502,1,0.5481082797050476
5,46,5.724221000491525,174.69625996517823,1,0.26050859689712524
5,47,5.121365999002592,195.2604051721268,0,0.0
5,48,6.1794180001015775,161.82753780106185,1,0.28427255153656006
5,49,6.195317999299732,161.41221485532006,1,0.32404130697250366
5,50,5.339964998711366,187.2671450545685,0,0.0
5,51,5.338932000086061,187.30337827563275,0,0.0
5,52,5.4562840014114045,183.274917460551,0,0.0
5,53,5.32513299913262,187.7887369503981,0,0.0
5,54,5.1527729992812965,194.07026083615153,0,0.0
5,55,5.183417999433004,192.92289375647235,0,0.0
5,56,5.092704999697162,196.35930218998845,0,0.0
5,57,5.223870000918396,191.42895972223513,0,0.0
5,58,5.419924998932402,184.50439815993332,0,0.0
5,59,6.037160999767366,165.64077056062175,1,0.43145665526390076
5,60,5.993196000417811,166.85588122435604,1,0.5563513040542603
5,61,5.854224000358954,170.81683241684715,1,0.5595537424087524
5,62,6.456786000853754,154.87581590403866,1,0.3425423204898834
5,63,7.257880999532063,137.78126150931286,2,0.44159989058971405
5,64,6.504016999315354,153.75113566051027,1,0.6500935554504395
5,65,6.400050999218365,156.24875491181703,2,0.6263568997383118
5,66,6.436805999328499,155.35655418297867,2,0.36841438710689545
5,67,6.42164799864986,155.7232660853177,3,0.43774567047754925
5,68,6.0842289985885145,164.35936258020382,2,0.5524046719074249
5,69,5.835313999341452,171.37038385815325,2,0.4033006727695465
5,70,5.8577540003170725,170.71389477022615,1,0.3886563181877136
5,71,5.812996001623105,172.02833095374226,1,0.5057821273803711
5,72,5.7143869998981245,174.99689818309957,1,0.35868731141090393
5,73,6.235971999558387,160.35992465502042,1,0.31261587142944336
5,74,5.416686999524245,184.61469161644956,0,0.0
5,75,5.249157000434934,190.5067804062904,0,0.0
5,76,5.290185999911046,189.02927042958697,0,0.0
5,77,5.212963998928899,191.829446780271,0,0.0
5,78,5.176392998691881,193.18471380606314,0,0.0
5,79,5.168851999769686,193.46655699264713,0,0.0
5,80,5.116823998832842,195.43373003021054,0,0.0
5,81,5.115820000355598,195.47208461800662,0,0.0
5,82,5.21990699962771,191.57429434496078,0,0.0
5,83,5.090235999887227,196.45454553033588,0,0.0
5,84,5.33277199974691,187.51973646116116,0,0.0
5,85,5.4392980000557145,183.8472538165324,0,0.0
5,86,5.260211999484454,190.1064063763986,0,0.0
5,87,5.106143999000778,195.84249880059983,0,0.0
5,88,5.207610000070417,192.02666866114743,0,0.0
5,89,6.264276998990681,159.63534182174942,0,0.0
5,90,5.61051400109136,178.2367889654102,0,0.0
5,91,5.603842999335029,178.44896798833645,0,0.0
5,92,6.226407998838113,160.60624362981133,1,0.35897210240364075
5,93,5.870617000255152,170.3398467242093,1,0.31727689504623413
5,94,5.908879000344314,169.23683831429437,2,0.34805841743946075
5,95,6.097800000134157,163.99357144839107,2,0.35361191630363464
5,96,6.112572000347427,163.59725495964088,1,0.44835737347602844
5,97,5.402856000728207,185.08729454666536,0,0.0
5,98,5.131605999849853,194.8707675587836,0,0.0
5,99,5.152009000084945,194.0990398082597,0,0.0
5,100,5.156022998562548,193.9479324042563,0,0.0
5,101,5.139483000675682,194.5720999307773,0,0.0
5,102,5.1651849989866605,193.6039077392555,0,0.0
5,103,5.2756050008611055,189.55171962964928,0,0.0
5,104,5.176209000637755,193.1915809189295,0,0.0
5,105,5.357988999094232,186.63718797650574,0,0.0
5,106,5.179490999580594,193.0691645339232,0,0.0
5,107,6.0362750009517185,165.66508315846005,1,0.3733234703540802
5,108,5.391295999288559,185.48415819349577,0,0.0
5,109,5.99673600117967,166.75738265004185,2,0.3068125694990158
5,110,5.729444999815314,174.53697522748442,1,0.5731980800628662
6,0,8.328451000124915,120.07034681299098,1,0.8349897861480713
6,1,7.016638999630231,142.51837668329506,1,0.8410949110984802
6,2,6.152456000563689,162.5367170294887,1,0.8855814933776855
6,3,5.94879399977799,168.10129919397446,1,0.8808959126472473
6,4,5.846196001584758,171.05139816197146,1,0.8912138938903809
6,5,6.411529999240884,155.96901209514712,3,0.6064175466696421
6,6,6.107454999437323,163.73432143046975,2,0.70621457695961
6,7,6.453539999711211,154.95371533216638,3,0.5928525328636169
6,8,6.280243000219343,159.22950751508725,2,0.6566881239414215
6,9,6.360843999573262,157.21184170954172,4,0.5963303223252296
6,10,6.144146000224282,162.75654907345896,2,0.6318534314632416
6,11,6.667166999250185,149.9887433616803,2,0.6184595078229904
6,12,6.384370000887429,156.63252597531152,3,0.4982682466506958
6,13,6.272765998801333,159.41930564460569,2,0.4896257221698761
6,14,5.949028000031831,168.09468706394549,1,0.2755732834339142
6,15,5.9065259993076324,169.3042577171794,1,0.2612527012825012
6,16,6.194329000209109,161.43798625585464,1,0.5061423182487488
6,17,5.358725000405684,186.61155404024177,0,0.0
6,18,5.43233000098553,184.08307297579134,0,0.0
6,19,6.00651700005983,166.48583530023126,2,0.3365505039691925
6,20,6.141121000837302,162.8367198535343,2,0.4901173412799835
6,21,5.872961999557447,170.27183218201554,1,0.812185525894165
6,22,5.926028999965638,168.74706485671913,1,0.7888012528419495
6,23,6.2429230001725955,160.18137657189644,1,0.8377557396888733
6,24,6.226134000826278,160.61331154570217,3,0.5100630720456442
6,25,6.316183000308229,158.32346845415975,3,0.4535757104555766
6,26,6.027251998602878,165.91308945300457,2,0.5837076902389526
6,27,6.110074000389432,163.66413891816433,2,0.4709993451833725
6,28,6.431974999941303,155.47324111320796,1,0.7010065913200378
6,29,6.3429559995711315,157.6552005196967,1,0.6051303744316101
6,30,6.062590999135864,164.94597774161835,1,0.7664284110069275
6,31,5.995737001285306,166.7851674924417,1,0.8409463763237
6,32,6.136722000519512,162.9534464678934,2,0.3791482448577881
6,33,6.191280999701121,161.51746303362327,1,0.26192376017570496
6,34,6.48463899960916,154.2105890644447,1,0.7210409045219421
6,35,5.487688000357593,182.22610322139982,0,0.0
6,36,5.825942000228679,171.6460616945291,1,0.42971310019493103
6,37,5.511532001037267,181.43775629204376,0,0.0
6,38,5.9552729999268195,167.9184144895269,1,0.4914489984512329
6,39,5.745821999880718,174.03950209748226,1,0.6958901286125183
6,40,5.409470999438781,184.86095962132848,0,0.0
6,41,5.874005999430665,170.24156939862243,1,0.5328395962715149
6,42,5.736300001444761,174.32839979571102,1,0.3241455554962158
6,43,5.902325001443387,169.42476054020315,2,0.27669838070869446
6,44,5.797133000669419,172.49906115394037,1,0.710502028465271
6,45,5.72235800063936,174.75313496433984,1,0.8258877396583557
6,46,6.113945999459247,163.5604894267051,2,0.45844243466854095
6,47,5.449303000204964,183.50970756487337,0,0.0
6,48,5.499540000528214,181.8333896842196,0,0.0
6,49,5.422583000836312,184.41395914931545,0,0.0
6,50,5.382557999837445,185.7852716181043,0,0.0
6,51,5.816937999043148,171.9117515374058,1,0.4401761591434479
6,52,5.480159001308493,182.4764573000949,0,0.0
6,53,5.162749001101474,193.6952580469532,0,0.0
6,54,5.220068000198808,191.5683856918942,0,0.0
6,55,5.114188999868929,195.53442393811196,0,0.0
6,56,5.107719000079669,195.78210938863361,0,0.0
6,57,5.296721999911824,188.7960138396252,0,0.0
6,58,5.328481000105967,187.67074518612586,0,0.0
6,59,5.324554000253556,187.80915734019786,0,0.0
6,60,5.22460200045316,191.4021393233904,0,0.0
6,61,5.197082999075064,192.41563010980815,0,0.0
6,62,5.70123999932548,175.40043922345157,0,0.0
6,63,5.501919999005622,181.7547329260936,0,0.0
6,64,5.26682800045819,189.86760150758758,0,0.0
6,65,5.171502998564392,193.36738280488277,0,0.0
6,66,5.346019999706186,187.05504282717973,0,0.0
6,67,5.678318999343901,176.10845747051982,1,0.267615407705307
6,68,5.4885990011825925,182.1958572277801,0,0.0
6,69,5.369417000110843,186.23995863598535,0,0.0
6,70,5.345280000256025,187.08093868835732,0,0.0
6,71,5.691385000318405,175.70415635984122,1,0.2718965411186218
6,72,5.216137999013881,191.7127192932878,0,0.0
6,73,5.189957000766299,192.6798237157552,0,0.0
6,74,5.160832999536069,193.76716899963526,0,0.0
6,75,5.189726000025985,192.68840011881034,0,0.0
6,76,5.18364500021562,192.91444532918513,0,0.0
6,77,5.2823179994447855,189.31082909152914,0,0.0
6,78,5.122784999912255,195.20631844145876,0,0.0
6,79,5.174210000404855,193.266218402762,0,0.0
6,80,5.6626810001034755,176.59479670172604,0,0.0
6,81,5.340204999811249,187.2587288381898,0,0.0
6,82,5.229536998740514,191.22151736202284,0,0.0
6,83,5.18449399896781,192.88285418000135,0,0.0
6,84,5.161367000255268,193.74712163474183,0,0.0
7,0,7.619664998856024,131.2393655298671,0,0.0
7,1,6.560883000929607,152.41850827980176,1,0.580982506275177
7,2,5.891831000553793,169.726524726525,1,0.338771253824234
7,3,5.828953999298392,171.55736691700878,1,0.5125707983970642
7,4,5.717529998946702,174.90070015972327,1,0.6917843222618103
7,5,5.900750000364496,169.4699826188584,1,0.6948019862174988
7,6,6.715911998981028,148.9001047291455,3,0.48320066928863525
7,7,6.530837999889627,153.11970684572182,3,0.5557844340801239
7,8,6.211456000528415,160.99284932790783,2,0.4394665062427521
7,9,6.215710000105901,160.88266665963542,2,0.4632207155227661
7,10,6.308048999926541,158.52762082406863,2,0.3747625946998596
7,11,6.374325999786379,156.8793312474939,3,0.34542693694432575
7,12,5.942340998444706,168.2838464271456,1,0.3330037593841553
7,13,5.953926000074716,167.95640389004683,2,0.3959400802850723
7,14,5.97939700128336,167.24094415964848,3,0.41342824697494507
7,15,5.8470799995120615,171.02553754753654,2,0.38992904126644135
7,16,6.288694999966538,159.01550321733222,4,0.4744872450828552
7,17,5.18685600036406,192.79501878012636,0,0.0
7,18,5.803740999908769,172.30265789181828,1,0.3205564022064209
7,19,5.416234998847358,184.63009825327234,0,0.0
7,20,5.3426560007210355,187.17282188204553,0,0.0
7,21,5.3752049989270745,186.03941620823883,0,0.0
7,22,5.242234999968787,190.75833113280007,0,0.0
7,23,5.141993000506773,194.47712198391642,0,0.0
7,24,5.121793999933288,195.2440883044154,0,0.0
7,25,5.171956998310634,193.3504088155875,0,0.0
7,26,5.752656001277501,173.83274782603524,1,0.35429736971855164
7,27,5.685971000275458,175.8714562475881,1,0.2939310669898987
7,28,5.953367999609327,167.97214619785342,2,0.4086662083864212
7,29,5.93550099983986,168.47777466922844,2,0.39107638597488403
7,30,6.190269999933662,161.54384219278262,2,0.5099848508834839
7,31,6.286724999881699,159.0653321115235,3,0.450569748878479
7,32,6.541553999340977,152.86887490353885,3,0.5074364046255747
7,33,5.971169999611448,167.47136659399607,1,0.8369054794311523
7,34,5.897152999750688,169.5733517584293,2,0.6128978431224823
7,35,6.312334999165614,158.41998248384843,3,0.4739895661671956
7,36,5.903549999857205,169.38960456406534,2,0.5134365260601044
7,37,5.881619999854593,170.02118464380942,1,0.746494472026825
7,38,5.188375998841366,192.7385371112875,0,0.0
7,39,6.29589599884639,158.83362752231486,1,0.7386506795883179
7,40,6.206960999406874,161.10943827350584,2,0.5547148585319519
7,41,5.960155000138911,167.7808714667141,1,0.7694553136825562
7,42,5.762594999396242,173.53293092864791,1,0.5454098582267761
7,43,5.320665000908775,187.94643147599012,0,0.0
7,44,5.723180000131833,174.72803580823336,1,0.6452938914299011
7,45,5.323977000443847,187.82951164451546,0,0.0
7,46,5.959964000794571,167.7862483509434,1,0.38145869970321655
7,47,5.332492999514216,187.5295476414313,0,0.0
7,48,5.714846000046236,174.98284293083478,1,0.311259001493454
7,49,5.810966998978984,172.08839771000336,1,0.5538576245307922
7,50,5.460522999783279,183.13264133118543,0,0.0
7,51,6.111361999501241,163.6296459089826,2,0.43660901486873627
7,52,5.9229239996057,168.8355278687641,2,0.39581291377544403
7,53,5.976672999167931,167.31716795267525,1,0.566525399684906
7,54,5.772710999735864,173.2288347789723,1,0.7636157870292664
7,55,6.1230999999679625,163.3159674029874,1,0.8697534799575806
7,56,6.265891999646556,159.59419665331092,1,0.8774464130401611
7,57,5.457748000480933,183.225755368676,0,0.0
7,58,5.186292000871617,192.81598487550224,0,0.0
7,59,5.337055001291446,187.36925134892232,0,0.0
7,60,6.029131000104826,165.86138201054405,1,0.34552979469299316
7,61,6.435631999920588,155.38489460123566,1,0.3854433298110962
7,62,5.658874999426189,176.71356941112856,0,0.0
7,63,5.667794999681064,176.43545683220222,0,0.0
7,64,5.305592001604964,188.48038064319604,0,0.0
7,65,5.2097190000495175,191.94893236861625,0,0.0
7,66,5.18845899932785,192.73545384661364,0,0.0
7,67,5.088419000458089,196.52469655308934,0,0.0
7,68,5.291215000397642,188.99250926769156,0,0.0
7,69,5.235324000750552,191.01014566751493,0,0.0
7,70,5.321701000866597,187.90984308159327,0,0.0
7,71,5.339843999536242,187.2713884688108,0,0.0
7,72,5.287158999635722,189.13749332465673,0,0.0
7,73,5.311496999638621,188.27083966498282,0,0.0
7,74,5.248708001090563,190.52307725867445,0,0.0
7,75,5.314256999554345,188.17305976806546,0,0.0
7,76,5.252511000435334,190.3851319715692,0,0.0
7,77,5.171848000827595,193.35448370485383,0,0.0
7,78,5.1678700001502875,193.50331954381957,0,0.0
7,79,5.2053210001759,192.1111109125081,0,0.0
7,80,5.197280999709619,192.40829965820043,0,0.0
7,81,5.365643000914133,186.370953086076,0,0.0
7,82,5.324753999957466,187.80210315969302,0,0.0
7,83,5.882851000933442,169.9856072916564,0,0.0
7,84,5.320586999005172,187.94918684479308,0,0.0
7,85,5.81558399971982,171.95177647647725,0,0.0
7,86,6.379309999829275,156.7567652342906,0,0.0
7,87,5.771595000624075,173.26233041158838,0,0.0
7,88,5.493391001436976,182.03692395797376,0,0.0
7,89,5.431611998574226,184.10740683658838,0,0.0
7,90,5.350065001039184,186.91361690105867,0,0.0
7,91,5.363168000258156,186.45695975808795,0,0.0
7,92,5.343593998986762,187.13996613320873,0,0.0
7,93,5.140641000252799,194.52826990852375,0,0.0
7,94,5.133357999511645,194.80425875131513,0,0.0
7,95,5.120576999615878,195.29049169166197,0,0.0
7,96,5.239456000708742,190.85950905298753,0,0.0
7,97,5.749415999162011,173.93070881386075,0,0.0
7,98,5.391193999457755,185.48766750010847,0,0.0
7,99,5.245329999524984,190.64577444899746,0,0.0
7,100,5.232519000855973,191.1125406016515,0,0.0
7,101,5.209843000557157,191.94436375396663,0,0.0
7,102,5.160846998478519,193.7666434007465,0,0.0
7,103,5.198389000725001,192.36728914679787,0,0.0
7,104,5.228150999755599,191.2722107771461,0,0.0
7,105,5.232036999586853,191.13014683936004,0,0.0
7,106,5.214225999225164,191.78301825594065,0,0.0
7,107,5.098411000290071,196.13954228937322,0,0.0
8,0,7.465532000423991,133.9489268739598,0,0.0
8,1,5.8487530004640575,170.97661671140105,0,0.0
8,2,5.747319999500178,173.99413989250053,0,0.0
8,3,5.519158999959473,181.18702505351686,0,0.0
8,4,5.1517219999368535,194.10985297969444,0,0.0
8,5,5.13699600014661,194.66629913113812,0,0.0
8,6,5.390860000261455,185.49915967980996,0,0.0
8,7,6.025209000654286,165.96934643950254,1,0.25710567831993103
8,8,6.5759129993239185,152.07013841314685,1,0.37501445412635803
8,9,5.915313000514288,169.05276185944143,0,0.0
8,10,5.954496000413201,167.9403260881537,0,0.0
8,11,6.533742000101483,153.05165095047644,1,0.30483493208885193
8,12,6.245005999517161,160.1279486484586,0,0.0
8,13,5.898862000321969,169.5242234765652,0,0.0
8,14,6.7205939994892105,148.79637128444355,2,0.3772536963224411
8,15,5.861657999048475,170.60019539903732,0,0.0
8,16,6.644970000706962,150.48976893704702,1,0.7286956906318665
8,17,6.292231999395881,158.92611717050647,0,0.0
8,18,6.798537000577198,147.09046959884157,2,0.319746270775795
8,19,6.854653998743743,145.88628400255809,3,0.3503128985563914
8,20,6.838257999334019,146.23607358736544,2,0.45090852677822113
8,21,6.979781999689294,143.2709503025331,2,0.3101282864809036
8,22,7.767338000121526,128.74423644038075,1,0.3545037508010864
8,23,6.7758630011667265,147.58267689707,1,0.5385571122169495
8,24,6.7604259984364035,147.91967255189047,1,0.6393436193466187
8,25,6.949624999833759,143.89265608200742,2,0.6030731797218323
8,26,6.81334799992328,146.77072123884764,2,0.7144897878170013
8,27,6.964422000237391,143.58693369900814,3,0.4913320342699687
8,28,6.197443000928615,161.35686925239352,3,0.46729451417922974
8,29,6.312348999927053,158.41963110904612,3,0.49720411499341327
8,30,6.3015470004756935,158.691191214556,3,0.6805569926897684
8,31,6.01961900065362,166.12347058699535,3,0.5169325669606527
8,32,6.0936429999856045,164.1054456262637,4,0.5411834046244621
8,33,6.416044001525734,155.8592802297179,3,0.5952541331450144
8,34,5.932250998739619,168.57007571197892,2,0.7187678813934326
8,35,6.103815001551993,163.8319640660364,3,0.6039868394533793
8,36,5.982291999316658,167.16001159993988,3,0.5074389278888702
8,37,5.8835500003624475,169.96541202817966,2,0.5499308705329895
8,38,6.006635001540417,166.48256465451078,2,0.5200304538011551
8,39,6.052190999980667,165.22941856976993,1,0.8227014541625977
8,40,5.936704999840003,168.44360634846274,2,0.535115510225296
8,41,6.243629000891815,160.16326400193927,3,0.5607332686583201
8,42,6.196563001140021,161.3797842152212,2,0.7634895741939545
8,43,6.197779001013259,161.34812161526128,2,0.8644232451915741
8,44,5.927611000515753,168.70202850912304,2,0.8367899954319
8,45,6.665315999271115,150.03039617466823,2,0.7376125752925873
8,46,6.3290210000559455,158.0023197886625,2,0.372086763381958
8,47,6.212472000697744,160.96652023344114,2,0.37572193145751953
8,48,5.736221000915975,174.3308006857332,1,0.5515369176864624
8,49,6.009892998918076,166.3923135037552,3,0.5046834349632263
8,50,6.640191000769846,150.59807765831775,1,0.7479910850524902
8,51,6.278025000938214,159.28576261651648,3,0.5354070663452148
8,52,6.090810000387137,164.18177548412103,2,0.6087421178817749
8,53,5.881130999114248,170.03532146293105,1,0.2540089786052704
8,54,6.295698000030825,158.83862281753412,1,0.4315989017486572
8,55,6.000862000291818,166.64272565364288,2,0.27124692499637604
8,56,5.2814970003964845,189.3402571136421,0,0.0
8,57,5.117663999044453,195.40165204021122,0,0.0
8,58,5.334031999154831,187.47544074697123,0,0.0
8,59,5.128543998580426,194.98711530539634,0,0.0
8,60,5.279846000121324,189.3994635406073,0,0.0
8,61,5.235616999925696,190.99945622725878,0,0.0
8,62,5.149880998942535,194.17924418163017,0,0.0
8,63,5.166656999790575,193.54874922808577,0,0.0
8,64,6.0202420008863555,166.1062794241113,2,0.31950898468494415
8,65,5.1986420003231615,192.3579273082927,0,0.0
8,66,5.646301999149728,177.10706939703,1,0.6492709517478943
8,67,5.893577999813715,169.6762136738681,2,0.5848072171211243
8,68,5.781883000963717,172.95403587954328,1,0.5501514673233032
8,69,5.854835999343777,170.79897713822936,2,0.6698497831821442
8,70,5.9930409988737665,166.8601967161452,2,0.6706789433956146
8,71,5.6684039991523605,176.4165010379531,1,0.8055975437164307
8,72,6.178759000249556,161.84479763001124,3,0.46674861510594684
8,73,5.9697540000343,167.51109007075576,3,0.4517517586549123
8,74,6.025883998518111,165.9507551499366,2,0.6287234425544739
8,75,5.799213999125641,172.43716133785924,2,0.30154675245285034
8,76,5.2565780006261775,190.23783150956334,0,0.0
8,77,5.665900998792495,176.49443578578553,0,0.0
8,78,5.2966189996368485,188.79968524610942,0,0.0
8,79,5.080467999505345,196.8322603542359,0,0.0
8,80,5.140907000168227,194.51820466063222,0,0.0
8,81,5.218816000706283,191.61434315075795,0,0.0
8,82,5.730275999667356,174.5116640207296,1,0.3557063937187195
8,83,5.233619000136969,191.07237266866943,0,0.0
8,84,5.077910998807056,196.93137596049402,0,0.0
8,85,5.159582999112899,193.8141125303988,0,0.0
8,86,5.535029000384384,180.6675267519925,0,0.0
8,87,5.720052000469877,174.8235855054909,1,0.32840362191200256
8,88,5.177410999749554,193.14672913708662,0,0.0
8,89,5.088443998829462,196.52373107182441,0,0.0
8,90,5.128009001055034,195.00745802011278,0,0.0
8,91,5.110583000714541,195.6723919482736,0,0.0
8,92,5.845121000675135,171.08285694761423,1,0.3414193093776703
8,93,5.692888000339735,175.65776806786343,1,0.36152413487434387
8,94,5.121414000313962,195.2585750612421,0,0.0
8,95,5.205673000091338,192.09812064308576,0,0.0
8,96,5.7499590002407786,173.91428355543493,1,0.42924007773399353
8,97,6.064117998903384,164.90444285233843,2,0.3209165185689926
8,98,5.1757870005531,193.20733250675443,0,0.0
8,99,5.910079999011941,169.20244737248598,1,0.4769108295440674
8,100,5.946777000644943,168.15831498163584,2,0.4248378872871399
8,101,5.697894001059467,175.50344036130892,1,0.3980611264705658
8,102,5.689276000339305,175.76928943864925,1,0.32130253314971924
8,103,5.675750000591506,176.18816894609233,1,0.7473652362823486
9,0,7.667277001019102,130.4243996750195,0,0.0
9,1,5.685715999788954,175.8793439625051,0,0.0
9,2,5.244280999249895,190.68390884146615,0,0.0
9,3,5.260719999569119,190.08804879976606,0,0.0
9,4,5.271885000183829,189.68547302627624,0,0.0
9,5,5.272492000585771,189.66363531493278,0,0.0
9,6,5.30074199923547,188.65283391348433,0,0.0
9,7,5.766188000052352,173.42479988354884,0,0.0
9,8,5.379692000133218,185.8842476437753,0,0.0
9,9,5.304084999806946,188.53393187258447,0,0.0
9,10,5.390992999309674,185.49458330367926,0,0.0
9,11,5.172127999685472,193.34401624646802,0,0.0
9,12,5.121256999700563,195.26456103618105,0,0.0
9,13,5.08738399912545,196.56467846183926,0,0.0
9,14,5.045575999247376,198.19342730129625,0,0.0
9,15,5.063123999207164,197.50651972114258,0,0.0
9,16,5.13520200001949,194.7343064588705,0,0.0
9,17,5.352574999051285,186.82596697425905,0,0.0
9,18,5.374406000555609,186.06707418394134,0,0.0
9,19,5.269266999675892,189.77971700077242,0,0.0
9,20,5.069482000180869,197.2588126290461,0,0.0
9,21,5.062160998932086,197.54409237694338,0,0.0
9,22,5.175413001779816,193.22129454327637,0,0.0
9,23,5.11631699919235,195.4530964672161,0,0.0
9,24,5.869280999831972,170.37862048667094,1,0.28949838876724243
9,25,6.115558999226778,163.51734978379494,2,0.3130677491426468
9,26,6.400197999028023,156.24516618890019,2,0.480703666806221
9,27,6.110051999712596,163.66472822932406,2,0.34661179780960083
9,28,5.806799001220497,172.21191912959546,1,0.2619214653968811
9,29,5.146544001036091,194.30514920278196,0,0.0
9,30,5.232240000623278,191.12273135041156,0,0.0
9,31,5.254874999081949,190.29948384589636,0,0.0
9,32,5.675936999978148,176.18236425172617,0,0.0
9,33,5.388444000345771,185.58233136241762,0,0.0
9,34,5.189516999962507,192.69616035697055,0,0.0
9,35,5.9559350011113565,167.8997503856915,1,0.34589436650276184
9,36,5.507275000127265,181.57800363644296,0,0.0
9,37,5.366446999687469,186.34303107032233,0,0.0
9,38,5.199028999413713,192.3436087994063,0,0.0
9,39,5.171715998585569,193.35941886087588,0,0.0
9,40,5.100447000586428,196.06124715834204,0,0.0
9,41,5.893058998481138,169.69115704725465,1,0.4242982864379883
9,42,5.264030998660019,189.96848617619352,0,0.0
9,43,5.175023999981931,193.23581881040388,0,0.0
9,44,5.7933930002036504,172.6104201742999,1,0.4572744369506836
9,45,5.062295000243466,197.53886329261846,0,0.0
9,46,5.316300999766099,188.1007113863562,0,0.0
9,47,5.940442000792245,168.3376421933983,1,0.3421182632446289
9,48,6.374882001182414,156.8656486213423,1,0.2791348099708557
9,49,5.152084000656032,194.09621424508347,0,0.0
9,50,5.217267000261927,191.67123322417584,0,0.0
9,51,5.093330000818241,196.33520699411787,0,0.0
9,52,5.635929999698419,177.43300574235494,1,0.36238881945610046
9,53,5.080570001155138,196.82830858990943,0,0.0
9,54,5.644241000481998,177.17174017101743,1,0.5670433640480042
9,55,5.177850000109174,193.1303533279093,0,0.0
9,56,6.008595000821515,166.42825816405943,2,0.31136322021484375
9,57,6.112225999459042,163.60651587302306,1,0.5015292167663574
9,58,6.699212000967236,149.27128740747708,2,0.4030820280313492
9,59,5.985101000987925,167.08155799458288,1,0.27468961477279663
9,60,5.798285999844666,172.46475941800554,1,0.31857624650001526
9,61,5.312843000865541,188.22314151520854,0,0.0
9,62,5.910285999561893,169.196549891854,1,0.3577938377857208
9,63,5.892372000744217,169.71094151450353,1,0.5728947520256042
9,64,5.119894000017666,195.31654366214408,0,0.0
9,65,5.12468600027205,195.13390673046385,0,0.0
9,66,5.842255999596091,171.16675477232354,1,0.2778724730014801
9,67,6.103158999394509,163.84957365508737,1,0.482465535402298
9,68,5.99354400037555,166.8461931600637,1,0.4182155728340149
9,69,5.203165001148591,192.19071464757536,0,0.0
9,70,5.966430999251315,167.60438528920938,2,0.33464232087135315
9,71,6.017863999659312,166.17191748710385,2,0.3356068730354309
9,72,5.928336000579293,168.6813972592451,2,0.3637605458498001
9,73,6.244907999644056,160.13046149871184,2,0.4894057810306549
9,74,5.8779659993888345,170.12687724018406,1,0.7124332785606384
9,75,5.769029001385206,173.33939554817442,2,0.3031025379896164
9,76,5.718546999560203,174.8695953844407,1,0.6753979921340942
9,77,5.295388999002171,188.84353919767435,0,0.0
9,78,5.715880999559886,174.9511580239334,1,0.7744308114051819
9,79,5.963980000160518,167.67326516404907,1,0.7071205377578735
9,80,6.130390000180341,163.12175896975273,1,0.8410516381263733
9,81,6.37221299984958,156.93135179624497,2,0.5297685712575912
9,82,6.277513999521034,159.298728776439,2,0.5169326961040497
9,83,6.364820999806398,157.11360932702075,3,0.638612707455953
9,84,6.6294859989284305,150.84125679753103,3,0.4248223602771759
9,85,6.395815000360017,156.35223969794475,3,0.5160598754882812
9,86,5.980434998491546,167.21191690106681,2,0.800643801689148
9,87,5.927502999838907,168.7051023048284,3,0.6232795516649882
9,88,6.085766000978765,164.3178524838404,3,0.588761955499649
9,89,5.8215339995513204,171.7760301798585,2,0.8175267577171326
9,90,5.999715000143624,166.67458370540294,3,0.6646879812081655
9,91,5.801946999781649,172.355935005548,2,0.8534848093986511
9,92,6.161965000501368,162.28589417801547,2,0.8123889565467834
9,93,6.211582000105409,160.9895836492266,3,0.6369605163733164
9,94,6.0829899994132575,164.39283972133052,3,0.512668381134669
9,95,6.446635999964201,155.11966241083772,2,0.4844465106725693
9,96,6.01786799961701,166.17180703592072,3,0.4206607937812805
9,97,5.888818999665091,169.81333609623118,1,0.5643620491027832
9,98,6.041643000571639,165.51788973717638,2,0.4987199604511261
9,99,6.027037999956519,165.91898043569898,1,0.7731679081916809
9,100,5.732157000238658,174.45439822362945,1,0.6737096905708313
9,101,5.898016999708489,169.5485109740147,3,0.5050060848395029
9,102,6.164018999697873,162.23181661980837,2,0.5248691141605377
9,103,6.295953999142512,158.83216429729262,3,0.6118405858675638
9,104,5.936547999226605,168.44806108369323,2,0.5343817919492722
9,105,6.215702000190504,160.88287372357155,1,0.28194260597229004
9,106,6.279523999182857,159.24773918056977,1,0.381613552570343
9,107,6.131814001491875,163.08387693375877,1,0.3360656797885895
9,108,5.305266999130254,188.4919270159146,0,0.0
10,0,7.793263999701594,128.31594054022682,0,0.0
10,1,5.946903000221937,168.15475213950526,0,0.0
10,2,5.504979000761523,181.65373562036595,0,0.0
10,3,5.422706999524962,184.40974223530824,0,0.0
10,4,5.4592560009041335,183.17514324926057,0,0.0
10,5,5.316566999681527,188.0913002807831,0,0.0
10,6,5.1895460001105675,192.69508353499404,0,0.0
10,7,5.250706999504473,190.4505431543549,0,0.0
10,8,5.1948660002381075,192.49774680505038,0,0.0
10,9,5.200900999625446,192.27437708812707,0,0.0
10,10,5.8018540003104135,172.35869774497903,1,0.38380345702171326
10,11,5.301026998495217,188.6426913660063,0,0.0
10,12,5.150228998900275,194.16612352839638,0,0.0
10,13,5.835758998728124,171.35731619793503,1,0.3511411249637604
10,14,5.338535000191769,187.3173070822011,0,0.0
10,15,5.665819999194355,176.49695898249396,0,0.0
10,16,6.049974999768892,165.2899392209389,1,0.2570783495903015
10,17,6.126758000391419,163.21845908327262,1,0.27198129892349243
10,18,6.265400001211674,159.6067289888289,2,0.3446725457906723
10,19,5.870191000212799,170.35220829505366,1,0.38984933495521545
10,20,5.764207999163773,173.48437116514052,1,0.29369163513183594
10,21,6.169428999783122,162.08955480890592,3,0.3563806613286336
10,22,5.943752999883145,168.24386881817938,2,0.38036981225013733
10,23,6.062859998564818,164.93865935164544,2,0.5228343307971954
10,24,5.74784600030398,173.97821722208877,1,0.32862791419029236
10,25,6.12751700100489,163.1982416101014,2,0.3081522285938263
10,26,6.109730000389391,163.67335380389432,3,0.48426181077957153
10,27,5.282771999191027,189.29455977905806,0,0.0
10,28,6.25296399994113,159.92415756902082,1,0.5184987783432007
10,29,6.085207000069204,164.33294709426113,2,0.3196580111980438
10,30,5.358857999453903,186.60692261334512,0,0.0
10,31,5.986280999422888,167.04862336004703,2,0.29369862377643585
10,32,5.925858000409789,168.75193430737747,2,0.4062577337026596
10,33,5.204363000302692,192.14647401456025,0,0.0
10,34,6.001615000059246,166.6218176257771,1,0.2834146022796631
10,35,5.875602999367402,170.19529742013972,1,0.41018369793891907
10,36,6.207552998603205,161.09407365913998,3,0.29778314630190533
10,37,5.9833140003320295,167.13145924557986,2,0.39166148006916046
10,38,6.543057999806479,152.83373615663754,3,0.28456318378448486
10,39,5.9252980008750455,168.7678830418859,1,0.3225332796573639
10,40,6.068434999178862,164.7871321247262,3,0.43762420614560443
10,41,6.061562000468257,164.97397864160257,3,0.3481095830599467
10,42,6.473973000538535,154.46465407205363,4,0.43878690898418427
10,43,6.172920999233611,161.99786132434764,2,0.5218701213598251
10,44,6.383832000210532,156.64572626081343,3,0.4409303367137909
10,45,6.078341999455006,164.51854800036946,2,0.49735619127750397
10,46,5.897586999708437,169.56087295523366,2,0.5677721202373505
10,47,5.756217999078217,173.72517860861714,1,0.8760225772857666
10,48,5.953031999524683,167.981626854995,3,0.4206458032131195
10,49,5.91724600053567,168.9975370145965,2,0.8195538222789764
10,50,5.953129999397788,167.97886155705635,3,0.574217160542806
10,51,6.0796329998993315,164.48361274711127,3,0.5235989987850189
10,52,5.86953800120682,170.37116035272157,2,0.7501011192798615
10,53,6.019566000759369,166.1249332383514,2,0.8184562027454376
10,54,7.14075399991998,140.04123374243198,3,0.6754522124926249
10,55,6.302449000941124,158.6684794832411,3,0.5331426958243052
10,56,5.9067139991384465,169.2988690743889,2,0.39933742582798004
10,57,5.990745999952196,166.92411930133235,1,0.3771384656429291
10,58,6.101761999161681,163.88708706393163,2,0.32596099376678467
10,59,5.978792998575955,167.2578395402187,1,0.7084221839904785
10,60,5.977255999823683,167.30084842099754,2,0.5689139664173126
10,61,6.137753998700646,162.9260475756602,2,0.6360212564468384
10,62,7.57707000047958,131.9771362725574,3,0.3250205119450887
10,63,6.257487999391742,159.80853660401823,1,0.7987427711486816
10,64,5.885188998945523,169.91807742778943,1,0.5951830744743347
10,65,6.068222000976675,164.79291625109477,3,0.49615971247355145
10,66,6.105632000981132,163.78320865707386,3,0.54397780696551
10,67,6.0498450002342,165.29349098386626,3,0.5519640644391378
10,68,6.17677599984745,161.89675649962007,3,0.48064784208933514
10,69,5.801555000289227,172.36758075208226,1,0.33107346296310425
10,70,6.01528200058965,166.24324510504655,1,0.5211824774742126
10,71,5.2359119999891846,190.98869499756023,0,0.0
10,72,5.101406000903808,196.0243901039893,0,0.0
10,73,5.22713999998814,191.30920541678032,0,0.0
